attempt_id,run_id,paper_id,candidate_id,source,artifact_type,url,started_at,completed_at,status,http_status,final_url,content_type,size_bytes,sha256,stored_path,license,version,rights_status,error
FTATT_3de3f9520d5767a0bba6,FTA_20260722T193927Z,doi:10.1038/s41597-024-02945-6,FTC_d296c48929796346a3e7,pmc_oai,jats_xml,https://pmc.ncbi.nlm.nih.gov/api/oai/v1/mh/?verb=GetRecord&identifier=oai:pubmedcentral.nih.gov:10805845&metadataPrefix=pmc,2026-07-22T19:39:29Z,2026-07-22T19:39:32Z,failed,,,,,,,pmc-oai-reuse-eligible-record,publishedVersion,free_to_read_unknown_reuse,HTTPError: 403 Client Error: Forbidden for url: https://pmc.ncbi.nlm.nih.gov/api/oai/v1/mh/?verb=GetRecord&identifier=oai:pubmedcentral.nih.gov:10805845&metadataPrefix=pmc
FTATT_4d626a3012279c4dc4ba,FTA_20260722T193927Z,doi:10.1038/s41597-024-02945-6,FTC_0c2f22a2acc9f446851e,europe_pmc,jats_xml,https://www.ebi.ac.uk/europepmc/webservices/rest/PMC10805845/fullTextXML,2026-07-22T19:39:32Z,2026-07-22T19:39:32Z,success,200,https://www.ebi.ac.uk/europepmc/webservices/rest/PMC10805845/fullTextXML,application/xml,90654,90bd6528428cf51d0381a20530fb61b7edcf8459e39c6d591e8d37ddf72c17ab,data/raw/fulltext/doi_10.1038_s41597-024-02945-6/90bd6528428cf51d/source.xml,repository_record,publishedVersion,free_to_read_unknown_reuse,
FTATT_b7e8279faaeeaf5795eb,FTA_20260722T193927Z,doi:10.1038/s41597-024-02945-6,FTC_247fc0c8e9b0de4118f5,europe_pmc,pdf,https://europepmc.org/articles/PMC10805845?pdf=render,2026-07-22T19:39:32Z,2026-07-22T19:39:38Z,success,200,https://europepmc.org/api/getPdf?pmcid=PMC10805845,application/pdf,2616080,2ec43f74ab9a4d544ce6093cab789b93617b812f0c94a0024db2aa549edc2787,data/raw/fulltext/doi_10.1038_s41597-024-02945-6/2ec43f74ab9a4d54/source.pdf,repository_record,publishedVersion,free_to_read_unknown_reuse,
FTATT_108adaad38e3fba3d9fa,FTA_20260722T193927Z,doi:10.1038/s41598-025-05092-z,FTC_94fd84322a13c5108600,pmc_oai,jats_xml,https://pmc.ncbi.nlm.nih.gov/api/oai/v1/mh/?verb=GetRecord&identifier=oai:pubmedcentral.nih.gov:12222661&metadataPrefix=pmc,2026-07-22T19:39:39Z,2026-07-22T19:39:42Z,failed,,,,,,,pmc-oai-reuse-eligible-record,publishedVersion,free_to_read_unknown_reuse,HTTPError: 403 Client Error: Forbidden for url: https://pmc.ncbi.nlm.nih.gov/api/oai/v1/mh/?verb=GetRecord&identifier=oai:pubmedcentral.nih.gov:12222661&metadataPrefix=pmc
FTATT_5ede5561010e235b2827,FTA_20260722T193927Z,doi:10.1038/s41598-025-05092-z,FTC_4f56eabbfdcf4baf4ae6,europe_pmc,jats_xml,https://www.ebi.ac.uk/europepmc/webservices/rest/PMC12222661/fullTextXML,2026-07-22T19:39:42Z,2026-07-22T19:39:42Z,success,200,https://www.ebi.ac.uk/europepmc/webservices/rest/PMC12222661/fullTextXML,application/xml,309670,bb0df47fd2da0baeacc9f7f71022534b626a1cd51a847625dc218ee0e3ecf7c3,data/raw/fulltext/doi_10.1038_s41598-025-05092-z/bb0df47fd2da0bae/source.xml,repository_record,publishedVersion,free_to_read_unknown_reuse,
FTATT_c8943d1ca353086e1bce,FTA_20260722T193927Z,doi:10.1038/s41598-025-05092-z,FTC_a2f0e51519a20fb42d30,europe_pmc,pdf,https://europepmc.org/articles/PMC12222661?pdf=render,2026-07-22T19:39:42Z,2026-07-22T19:39:54Z,success,200,https://europepmc.org/api/getPdf?pmcid=PMC12222661,application/pdf,5261583,7e3ab7b324eb8bb52a5e1564644970d75f3960d224244f8939fc7dbff5207cfc,data/raw/fulltext/doi_10.1038_s41598-025-05092-z/7e3ab7b324eb8bb5/source.pdf,repository_record,publishedVersion,free_to_read_unknown_reuse,
FTATT_4bbf8cf7c0b5ed2b6052,FTA_20260722T193927Z,doi:10.48550/arxiv.2512.01753,FTC_93fe1006e051ab8106c8,arxiv,pdf,https://arxiv.org/pdf/2512.01753,2026-07-22T19:40:02Z,2026-07-22T19:40:27Z,success,200,https://arxiv.org/pdf/2512.01753,application/pdf,9174741,3dfe3c589d0352a1dc988ebbb66a50a6b3dbc2e4035c8de8b69709503911b89e,data/raw/fulltext/doi_10.48550_arxiv.2512.01753/3dfe3c589d0352a1/source.pdf,arxiv-distribution,submittedVersion,free_to_read_unknown_reuse,
FTATT_7a63b241b8f4e3dcceee,FTA_20260722T193927Z,doi:10.1038/s41597-026-07092-8,FTC_4b782e21cb18b98936dc,pmc_oai,jats_xml,https://pmc.ncbi.nlm.nih.gov/api/oai/v1/mh/?verb=GetRecord&identifier=oai:pubmedcentral.nih.gov:13253868&metadataPrefix=pmc,2026-07-22T19:40:34Z,2026-07-22T19:40:37Z,failed,,,,,,,pmc-oai-reuse-eligible-record,publishedVersion,free_to_read_unknown_reuse,HTTPError: 403 Client Error: Forbidden for url: https://pmc.ncbi.nlm.nih.gov/api/oai/v1/mh/?verb=GetRecord&identifier=oai:pubmedcentral.nih.gov:13253868&metadataPrefix=pmc
FTATT_65b85cda3218e703d897,FTA_20260722T193927Z,doi:10.1038/s41597-026-07092-8,FTC_3b39ba83277a0de00897,europe_pmc,jats_xml,https://www.ebi.ac.uk/europepmc/webservices/rest/PMC13253868/fullTextXML,2026-07-22T19:40:37Z,2026-07-22T19:40:38Z,success,200,https://www.ebi.ac.uk/europepmc/webservices/rest/PMC13253868/fullTextXML,application/xml,118680,1706ac9ccb0fdc8a1249fec9d46db625e480263a794f6a7cd1b9fda83f0c390a,data/raw/fulltext/doi_10.1038_s41597-026-07092-8/1706ac9ccb0fdc8a/source.xml,repository_record,publishedVersion,free_to_read_unknown_reuse,
FTATT_a173c9022722a4f75a17,FTA_20260722T193927Z,doi:10.1038/s41597-026-07092-8,FTC_c6319f51757a985e1929,europe_pmc,pdf,https://europepmc.org/articles/PMC13253868?pdf=render,2026-07-22T19:40:38Z,2026-07-22T19:40:47Z,success,200,https://europepmc.org/api/getPdf?pmcid=PMC13253868,application/pdf,6423174,525d7842a75bebdc6333587095ea8874c9b348c388009c1f8646884f42a69fb5,data/raw/fulltext/doi_10.1038_s41597-026-07092-8/525d7842a75bebdc/source.pdf,repository_record,publishedVersion,free_to_read_unknown_reuse,
FTATT_24b0d5eea2b7399dbc79,FTA_20260722T193927Z,doi:10.3390/electronics14204082,FTC_35b73718b0617444c57e,direct,pdf,https://www.mdpi.com/2079-9292/14/20/4082/pdf?version=1760691655,2026-07-22T19:40:54Z,2026-07-22T19:40:56Z,failed,,,,,,,,,free_to_read_unknown_reuse,HTTPError: 403 Client Error: Forbidden for url: https://www.mdpi.com/2079-9292/14/20/4082/pdf?version=1760691655
FTATT_3e51e68cfe14aca99e01,FTA_20260722T193927Z,doi:10.3390/electronics14204082,FTC_8111d57f3ade4404ef9f,crossref,pdf,https://www.mdpi.com/2079-9292/14/20/4082/pdf,2026-07-22T19:40:56Z,2026-07-22T19:40:59Z,failed,,,,,,,,vor,free_to_read_unknown_reuse,HTTPError: 403 Client Error: Forbidden for url: https://www.mdpi.com/2079-9292/14/20/4082/pdf
FTATT_0cf67e5e56debff4f9b6,FTA_20260722T193927Z,doi:10.48550/arxiv.2505.07444,FTC_df55ff978662c17e5802,arxiv,pdf,https://arxiv.org/pdf/2505.07444,2026-07-22T19:41:06Z,2026-07-22T19:41:52Z,success,200,https://arxiv.org/pdf/2505.07444,application/pdf,14196242,152b6eefd597d80302307a991d13b3133fea8de0b0a6bc8cae1b53b671f6e869,data/raw/fulltext/doi_10.48550_arxiv.2505.07444/152b6eefd597d803/source.pdf,arxiv-distribution,submittedVersion,free_to_read_unknown_reuse,
FTATT_c189e20c1823890c99d8,FTA_20260722T193927Z,doi:10.3389/fagro.2025.1629681,FTC_f52734cb39746dcca74d,direct,pdf,https://www.frontiersin.org/journals/agronomy/articles/10.3389/fagro.2025.1629681/pdf,2026-07-22T19:41:53Z,2026-07-22T19:41:56Z,success,200,https://www.frontiersin.org/journals/agronomy/articles/10.3389/fagro.2025.1629681/pdf,application/pdf,6550186,a985461260520d9acc6d4c7ade15a5b471b86ae87347408a6c5903e678002350,data/raw/fulltext/doi_10.3389_fagro.2025.1629681/a985461260520d9a/source.pdf,,,free_to_read_unknown_reuse,
FTATT_071f187732fcc55631ad,FTA_20260722T193927Z,arxiv:260522034,FTC_0630819d4d17bcb2455d,arxiv,pdf,https://arxiv.org/pdf/2605.22034,2026-07-22T19:41:59Z,2026-07-22T19:43:23Z,success,200,https://arxiv.org/pdf/2605.22034,application/pdf,26094914,3b5618f47796bc56975b7cd3326df25043e9be058249f3fed6474304845d6fd3,data/raw/fulltext/arxiv_260522034/3b5618f47796bc56/source.pdf,arxiv-distribution,submittedVersion,free_to_read_unknown_reuse,
FTATT_7e1bab195b8efb214494,FTA_20260722T193927Z,doi:10.3389/fpls.2026.1761249,FTC_2b540c1593d73519ff9a,pmc_oai,jats_xml,https://pmc.ncbi.nlm.nih.gov/api/oai/v1/mh/?verb=GetRecord&identifier=oai:pubmedcentral.nih.gov:12961441&metadataPrefix=pmc,2026-07-22T19:43:23Z,2026-07-22T19:43:26Z,failed,,,,,,,pmc-oai-reuse-eligible-record,publishedVersion,free_to_read_unknown_reuse,HTTPError: 403 Client Error: Forbidden for url: https://pmc.ncbi.nlm.nih.gov/api/oai/v1/mh/?verb=GetRecord&identifier=oai:pubmedcentral.nih.gov:12961441&metadataPrefix=pmc
FTATT_f3a7e9d973ffa8b2aff5,FTA_20260722T193927Z,doi:10.3389/fpls.2026.1761249,FTC_6e7df5b3ec28b6852c99,europe_pmc,jats_xml,https://www.ebi.ac.uk/europepmc/webservices/rest/PMC12961441/fullTextXML,2026-07-22T19:43:26Z,2026-07-22T19:43:27Z,success,200,https://www.ebi.ac.uk/europepmc/webservices/rest/PMC12961441/fullTextXML,application/xml,217285,3edf9e1d666e326d00f544fb25b6ad60a1e25aca10105ce8885c6f0411f49ba7,data/raw/fulltext/doi_10.3389_fpls.2026.1761249/3edf9e1d666e326d/source.xml,repository_record,publishedVersion,free_to_read_unknown_reuse,
FTATT_e1135632abc423585b76,FTA_20260722T193927Z,doi:10.3389/fpls.2026.1761249,FTC_3b80420f3ea61e5a19cb,europe_pmc,pdf,https://europepmc.org/articles/PMC12961441?pdf=render,2026-07-22T19:43:27Z,2026-07-22T19:43:43Z,success,200,https://europepmc.org/api/getPdf?pmcid=PMC12961441,application/pdf,7130499,fe150e33a77b7610c92bd3b61853e3f252b59a747e433eb530bf4110e58cfc22,data/raw/fulltext/doi_10.3389_fpls.2026.1761249/fe150e33a77b7610/source.pdf,repository_record,publishedVersion,free_to_read_unknown_reuse,
FTATT_3393b13e78d54490a100,FTA_20260722T193927Z,doi:10.3390/robotics15040081,FTC_4cf0044c192b6466ed15,crossref,pdf,https://www.mdpi.com/2218-6581/15/4/81/pdf,2026-07-22T19:43:50Z,2026-07-22T19:43:53Z,failed,,,,,,,,vor,free_to_read_unknown_reuse,HTTPError: 403 Client Error: Forbidden for url: https://www.mdpi.com/2218-6581/15/4/81/pdf
FTATT_718be13eaa0ba6dc7f38,FTA_20260722T193927Z,doi:10.1002/ps.70881,FTC_d0685ab291403a74dae6,crossref,xml,https://scijournals.onlinelibrary.wiley.com/doi/full-xml/10.1002/ps.70881,2026-07-22T19:44:08Z,2026-07-22T19:44:08Z,skipped_rights,,,,,,,,vor,unknown,Rights status is unknown; use --allow-unknown-rights only for lawful local access.
FTATT_b2f3efa24bf48806f4c9,FTA_20260722T193927Z,doi:10.1002/ps.70881,FTC_925e31ea37cfd5ff7e2d,crossref,pdf,https://scijournals.onlinelibrary.wiley.com/doi/pdf/10.1002/ps.70881,2026-07-22T19:44:08Z,2026-07-22T19:44:08Z,skipped_rights,,,,,,,,vor,unknown,Rights status is unknown; use --allow-unknown-rights only for lawful local access.
FTATT_60882cfce3fb3bde1fa8,FTA_20260722T193927Z,doi:10.3389/fsufs.2026.1841305,FTC_fc94fa73833e058e7574,direct,pdf,https://doi.org/10.3389/fsufs.2026.1841305,2026-07-22T19:44:15Z,2026-07-22T19:44:19Z,failed,,,,,,,,,free_to_read_unknown_reuse,ValueError: Artifact is neither a valid PDF nor well-formed XML
FTATT_a3351cd217368d305a97,FTA_20260722T193927Z,doi:10.3390/jimaging12050192,FTC_e7ffb71cdec8ee03b826,pmc_oai,jats_xml,https://pmc.ncbi.nlm.nih.gov/api/oai/v1/mh/?verb=GetRecord&identifier=oai:pubmedcentral.nih.gov:13207801&metadataPrefix=pmc,2026-07-22T19:44:27Z,2026-07-22T19:44:30Z,failed,,,,,,,pmc-oai-reuse-eligible-record,publishedVersion,free_to_read_unknown_reuse,HTTPError: 403 Client Error: Forbidden for url: https://pmc.ncbi.nlm.nih.gov/api/oai/v1/mh/?verb=GetRecord&identifier=oai:pubmedcentral.nih.gov:13207801&metadataPrefix=pmc
FTATT_adc5a450ec5c282a422a,FTA_20260722T193927Z,doi:10.3390/jimaging12050192,FTC_86eb5c8a9a97ce19dc47,europe_pmc,jats_xml,https://www.ebi.ac.uk/europepmc/webservices/rest/PMC13207801/fullTextXML,2026-07-22T19:44:30Z,2026-07-22T19:44:31Z,success,200,https://www.ebi.ac.uk/europepmc/webservices/rest/PMC13207801/fullTextXML,application/xml,118862,74fdf6fb6a067a9d21925bfe1141afbae9319b1a01a99be62c948070b5d5afe6,data/raw/fulltext/doi_10.3390_jimaging12050192/74fdf6fb6a067a9d/source.xml,repository_record,publishedVersion,free_to_read_unknown_reuse,
FTATT_af65f835901d5883a3ef,FTA_20260722T193927Z,doi:10.3390/jimaging12050192,FTC_9eaeda61683ecc1a3e78,europe_pmc,pdf,https://europepmc.org/articles/PMC13207801?pdf=render,2026-07-22T19:44:31Z,2026-07-22T19:45:08Z,success,200,https://europepmc.org/api/getPdf?pmcid=PMC13207801,application/pdf,29499160,154d4c034f974d7f482f6ac69e2fa95cb705c47d72694bf43c3bb255c76285d8,data/raw/fulltext/doi_10.3390_jimaging12050192/154d4c034f974d7f/source.pdf,repository_record,publishedVersion,free_to_read_unknown_reuse,
FTATT_e98a71d7a6cbaa38e7b9,FTA_20260722T193927Z,doi:10.48550/arxiv.2603.29941,FTC_30503ce018eb718c8c31,arxiv,pdf,https://arxiv.org/pdf/2603.29941,2026-07-22T19:45:08Z,2026-07-22T19:45:56Z,success,200,https://arxiv.org/pdf/2603.29941,application/pdf,15314678,c8fc8919098740aebdab9eba472afd2512f65e145fe9bdde7c7c8312ed47595e,data/raw/fulltext/doi_10.48550_arxiv.2603.29941/c8fc8919098740ae/source.pdf,arxiv-distribution,submittedVersion,free_to_read_unknown_reuse,
FTATT_844bdba4e15235c90f8c,FTA_20260722T193927Z,doi:10.3390/app16083745,FTC_f2981a38dbc82538209d,direct,pdf,https://www.mdpi.com/2076-3417/16/8/3745/pdf?version=1775830735,2026-07-22T19:46:03Z,2026-07-22T19:46:06Z,failed,,,,,,,,,free_to_read_unknown_reuse,HTTPError: 403 Client Error: Forbidden for url: https://www.mdpi.com/2076-3417/16/8/3745/pdf?version=1775830735
FTATT_1b44d2b3e95dbf288781,FTA_20260722T193927Z,doi:10.3390/app16083745,FTC_45d6c59d0c5cb47dfea9,crossref,pdf,https://www.mdpi.com/2076-3417/16/8/3745/pdf,2026-07-22T19:46:06Z,2026-07-22T19:46:09Z,failed,,,,,,,,vor,free_to_read_unknown_reuse,HTTPError: 403 Client Error: Forbidden for url: https://www.mdpi.com/2076-3417/16/8/3745/pdf
FTATT_445de75900eb26e3a07b,FTA_20260722T193927Z,doi:10.48550/arxiv.2604.09907,FTC_827af1b77d9e0535e403,arxiv,pdf,https://arxiv.org/pdf/2604.09907,2026-07-22T19:46:11Z,2026-07-22T19:46:17Z,success,200,https://arxiv.org/pdf/2604.09907,application/pdf,1308236,3fe6131cf31a47d894eeb51de7fe4d711c674e4fc21291d775f7750e27f8cb67,data/raw/fulltext/doi_10.48550_arxiv.2604.09907/3fe6131cf31a47d8/source.pdf,arxiv-distribution,submittedVersion,free_to_read_unknown_reuse,
FTATT_5fbd5bac142539531444,FTA_20260724T103131Z,doi:10.3390/rs10091423,FTC_1fab16c724e36b3e1598,arxiv,pdf,https://arxiv.org/pdf/1808.00100,2026-07-24T10:31:36Z,2026-07-24T10:31:46Z,success,200,https://arxiv.org/pdf/1808.00100,application/pdf,8362346,ae9f965f749e184c3f57b609eb3b92582a61f98009929c1e3b01091317b55f35,data/raw/fulltext/doi_10.3390_rs10091423/ae9f965f749e184c/source.pdf,arxiv-distribution,submittedVersion,free_to_read_unknown_reuse,
FTATT_5e00574cd7bdd8f2fa49,FTA_20260724T103131Z,doi:10.1038/s41597-023-02098-y,FTC_0e0da9c9d6f0ab089d60,pmc_oai,jats_xml,https://pmc.ncbi.nlm.nih.gov/api/oai/v1/mh/?verb=GetRecord&identifier=oai:pubmedcentral.nih.gov:10199053&metadataPrefix=pmc,2026-07-24T10:31:49Z,2026-07-24T10:31:52Z,failed,,,,,,,pmc-oai-reuse-eligible-record,publishedVersion,free_to_read_unknown_reuse,HTTPError: 403 Client Error: Forbidden for url: https://pmc.ncbi.nlm.nih.gov/api/oai/v1/mh/?verb=GetRecord&identifier=oai:pubmedcentral.nih.gov:10199053&metadataPrefix=pmc
FTATT_7e66d5225e1bdac384f1,FTA_20260724T103131Z,doi:10.1038/s41597-023-02098-y,FTC_c372ed5ea1e675860365,europe_pmc,jats_xml,https://www.ebi.ac.uk/europepmc/webservices/rest/PMC10199053/fullTextXML,2026-07-24T10:31:52Z,2026-07-24T10:31:53Z,success,200,https://www.ebi.ac.uk/europepmc/webservices/rest/PMC10199053/fullTextXML,application/xml,88226,ee968dd7da09e3c96a897a490e447fa46a605d589b341e6725bf02a1794583df,data/raw/fulltext/doi_10.1038_s41597-023-02098-y/ee968dd7da09e3c9/source.xml,repository_record,publishedVersion,free_to_read_unknown_reuse,
FTATT_6788bf9ff7bcaf9bf5e4,FTA_20260724T103131Z,doi:10.1038/s41597-023-02098-y,FTC_e7748e4477f5684c160e,europe_pmc,pdf,https://europepmc.org/articles/PMC10199053?pdf=render,2026-07-24T10:31:53Z,2026-07-24T10:32:08Z,success,200,https://europepmc.org/api/getPdf?pmcid=PMC10199053,application/pdf,3035230,3e13e1d02563f33d2052cce90b9527ab269515bd5ab45620acf35792b5394667,data/raw/fulltext/doi_10.1038_s41597-023-02098-y/3e13e1d02563f33d/source.pdf,repository_record,publishedVersion,free_to_read_unknown_reuse,
FTATT_ec698f4434fd7f61c215,FTA_20260724T103131Z,doi:10.1186/s13007-023-01060-8,FTC_b20452f8e8d0d2c293b6,pmc_oai,jats_xml,https://pmc.ncbi.nlm.nih.gov/api/oai/v1/mh/?verb=GetRecord&identifier=oai:pubmedcentral.nih.gov:10463442&metadataPrefix=pmc,2026-07-24T10:32:09Z,2026-07-24T10:32:12Z,failed,,,,,,,pmc-oai-reuse-eligible-record,publishedVersion,free_to_read_unknown_reuse,HTTPError: 403 Client Error: Forbidden for url: https://pmc.ncbi.nlm.nih.gov/api/oai/v1/mh/?verb=GetRecord&identifier=oai:pubmedcentral.nih.gov:10463442&metadataPrefix=pmc
FTATT_5be2333d581d6539622c,FTA_20260724T103131Z,doi:10.1186/s13007-023-01060-8,FTC_2f51b96a653c5850cf05,europe_pmc,jats_xml,https://www.ebi.ac.uk/europepmc/webservices/rest/PMC10463442/fullTextXML,2026-07-24T10:32:12Z,2026-07-24T10:32:12Z,success,200,https://www.ebi.ac.uk/europepmc/webservices/rest/PMC10463442/fullTextXML,application/xml,132144,657256be5c24dd51b1d012cb884c2836081028509992cbc80de3020dd2b2fc8e,data/raw/fulltext/doi_10.1186_s13007-023-01060-8/657256be5c24dd51/source.xml,repository_record,publishedVersion,free_to_read_unknown_reuse,
FTATT_ad7ac448f992986f851c,FTA_20260724T103131Z,doi:10.1186/s13007-023-01060-8,FTC_8aef7b78bc462434724e,europe_pmc,pdf,https://europepmc.org/articles/PMC10463442?pdf=render,2026-07-24T10:32:12Z,2026-07-24T10:32:19Z,success,200,https://europepmc.org/api/getPdf?pmcid=PMC10463442,application/pdf,3779613,7388394c3b528659efcc448c0d1b4e1757a07258a95e8b9317f192c8b7a6a13b,data/raw/fulltext/doi_10.1186_s13007-023-01060-8/7388394c3b528659/source.pdf,repository_record,publishedVersion,free_to_read_unknown_reuse,
FTATT_f25ec08ec16f08665d65,FTA_20260724T103131Z,doi:10.1145/3664647.3680599,FTC_c9c5a50160ab545da180,arxiv,pdf,https://arxiv.org/pdf/2408.03120,2026-07-24T10:32:26Z,2026-07-24T10:32:29Z,success,200,https://arxiv.org/pdf/2408.03120,application/pdf,3188043,f58d8c7f2dc58079319ab3da53b11e4bac7a0f4b26564cdf6c481103c31733a8,data/raw/fulltext/doi_10.1145_3664647.3680599/f58d8c7f2dc58079/source.pdf,arxiv-distribution,submittedVersion,free_to_read_unknown_reuse,
FTATT_95d1e09c2628cf814fe8,FTA_20260724T103131Z,doi:10.1109/lra.2017.2774979,FTC_ba9b5e9a3d9e4070d629,arxiv,pdf,https://arxiv.org/pdf/1709.03329,2026-07-24T10:32:40Z,2026-07-24T10:32:45Z,success,200,https://arxiv.org/pdf/1709.03329,application/pdf,6567139,e30d2a1d6dcf017798cd49c2e11ab691be6e01495cd6b9335d439d1d3a3aff1d,data/raw/fulltext/doi_10.1109_lra.2017.2774979/e30d2a1d6dcf0177/source.pdf,arxiv-distribution,submittedVersion,free_to_read_unknown_reuse,
FTATT_aeaabaf68e2dd84de150,FTA_20260724T103131Z,doi:10.3389/fpls.2021.774068,FTC_9d4a9f73c6aa43118304,pmc_oai,jats_xml,https://pmc.ncbi.nlm.nih.gov/api/oai/v1/mh/?verb=GetRecord&identifier=oai:pubmedcentral.nih.gov:8765702&metadataPrefix=pmc,2026-07-24T10:32:45Z,2026-07-24T10:32:48Z,failed,,,,,,,pmc-oai-reuse-eligible-record,publishedVersion,free_to_read_unknown_reuse,HTTPError: 403 Client Error: Forbidden for url: https://pmc.ncbi.nlm.nih.gov/api/oai/v1/mh/?verb=GetRecord&identifier=oai:pubmedcentral.nih.gov:8765702&metadataPrefix=pmc
FTATT_beb2b3e0a44aed044cf7,FTA_20260724T103131Z,doi:10.3389/fpls.2021.774068,FTC_5a15808e5c60485c14a4,europe_pmc,jats_xml,https://www.ebi.ac.uk/europepmc/webservices/rest/PMC8765702/fullTextXML,2026-07-24T10:32:48Z,2026-07-24T10:32:49Z,success,200,https://www.ebi.ac.uk/europepmc/webservices/rest/PMC8765702/fullTextXML,application/xml,173963,6303cfd3973ff0eb25b47b2a026a202fdba5244b0a950d9d7b771037a30d9994,data/raw/fulltext/doi_10.3389_fpls.2021.774068/6303cfd3973ff0eb/source.xml,repository_record,publishedVersion,free_to_read_unknown_reuse,
FTATT_829f758d86c4c3c41567,FTA_20260724T103131Z,doi:10.3389/fpls.2021.774068,FTC_3d398cfd294d9d2bbb9c,europe_pmc,pdf,https://europepmc.org/articles/PMC8765702?pdf=render,2026-07-24T10:32:49Z,2026-07-24T10:32:59Z,success,200,https://europepmc.org/api/getPdf?pmcid=PMC8765702,application/pdf,4787432,ff89ae577cdb95ada06081142899de4c71dbb7ca30ec62312da2580843e515f5,data/raw/fulltext/doi_10.3389_fpls.2021.774068/ff89ae577cdb95ad/source.pdf,repository_record,publishedVersion,free_to_read_unknown_reuse,
FTATT_9a785de83fd2fd742bb1,FTA_20260724T103131Z,doi:10.1016/j.eswa.2023.122980,FTC_68afd2923d22f6cc30ff,crossref,xml,https://api.elsevier.com/content/article/PII:S0957417423034826?httpAccept=text/xml,2026-07-24T10:33:06Z,2026-07-24T10:33:06Z,success,200,https://api.elsevier.com/content/article/PII:S0957417423034826?httpAccept=text/xml,text/xml;charset=UTF-8,2040,97686acfcc4bf43ff816f506d0d5eaa4df59a59027d332cac31251e764698c24,data/raw/fulltext/doi_10.1016_j.eswa.2023.122980/97686acfcc4bf43f/source.xml,,vor,free_to_read_unknown_reuse,
FTATT_8ea8fc89b258988164ff,FTA_20260724T103131Z,doi:10.1016/j.eswa.2023.122980,FTC_1f36406756a73ca6367f,direct,pdf,https://doi.org/10.1016/j.eswa.2023.122980,2026-07-24T10:33:06Z,2026-07-24T10:33:10Z,failed,,,,,,,,,free_to_read_unknown_reuse,ValueError: Artifact is neither a valid PDF nor well-formed XML
FTATT_b435af36a69d74198df6,FTA_20260724T103131Z,doi:10.1016/j.rineng.2026.110612,FTC_ab974ae4fdb0ad0aea2b,crossref,xml,https://api.elsevier.com/content/article/PII:S2590123026016464?httpAccept=text/xml,2026-07-24T10:33:17Z,2026-07-24T10:33:17Z,success,200,https://api.elsevier.com/content/article/PII:S2590123026016464?httpAccept=text/xml,text/xml;charset=UTF-8,2003,64c06780e211a29fb376ea91de408600e8975203fe005b9ad4cc8c3002ae9798,data/raw/fulltext/doi_10.1016_j.rineng.2026.110612/64c06780e211a29f/source.xml,,vor,free_to_read_unknown_reuse,
FTATT_5ae6209d456def61050b,FTA_20260724T103131Z,doi:10.1145/3696409.3700293,FTC_d63052e949712a68807e,arxiv,pdf,https://arxiv.org/pdf/2408.14723,2026-07-24T10:33:18Z,2026-07-24T10:33:22Z,success,200,https://arxiv.org/pdf/2408.14723,application/pdf,2373072,4b4c34376e18321ea1cbf839b09aad92008277f042cd414a2a9032aaec2c016e,data/raw/fulltext/doi_10.1145_3696409.3700293/4b4c34376e18321e/source.pdf,arxiv-distribution,submittedVersion,free_to_read_unknown_reuse,
FTATT_68a56434d984233057c5,FTA_20260724T103131Z,doi:10.1109/access.2020.2991354,FTC_21b3cacd642eb4aa484f,direct,pdf,https://ieeexplore.ieee.org/ielx7/6287639/8948470/09081915.pdf,2026-07-24T10:33:22Z,2026-07-24T10:33:30Z,success,200,https://ieeexplore.ieee.org/ielx7/6287639/8948470/09081915.pdf,application/pdf,2234931,6a6ac67312be1fb53d4ad1d89483227a72096528b56193e3628b7ee2a870df79,data/raw/fulltext/doi_10.1109_access.2020.2991354/6a6ac67312be1fb5/source.pdf,,,free_to_read_unknown_reuse,
FTATT_3ff9930df1d24262508b,FTA_20260724T103131Z,doi:10.1038/s41598-018-38343-3,FTC_e642a6b76c7c65ae1eef,pmc_oai,jats_xml,https://pmc.ncbi.nlm.nih.gov/api/oai/v1/mh/?verb=GetRecord&identifier=oai:pubmedcentral.nih.gov:6375952&metadataPrefix=pmc,2026-07-24T10:33:45Z,2026-07-24T10:33:48Z,failed,,,,,,,pmc-oai-reuse-eligible-record,publishedVersion,free_to_read_unknown_reuse,HTTPError: 403 Client Error: Forbidden for url: https://pmc.ncbi.nlm.nih.gov/api/oai/v1/mh/?verb=GetRecord&identifier=oai:pubmedcentral.nih.gov:6375952&metadataPrefix=pmc
FTATT_0e140aee960cd76af26d,FTA_20260724T103131Z,doi:10.1038/s41598-018-38343-3,FTC_a39c2a2fbdbaa8dba182,europe_pmc,jats_xml,https://www.ebi.ac.uk/europepmc/webservices/rest/PMC6375952/fullTextXML,2026-07-24T10:33:48Z,2026-07-24T10:33:49Z,success,200,https://www.ebi.ac.uk/europepmc/webservices/rest/PMC6375952/fullTextXML,application/xml,104194,a7d50532461e25547a3087964ca49fe46976351ded6e4fd4ccaf2f3b32eb02d3,data/raw/fulltext/doi_10.1038_s41598-018-38343-3/a7d50532461e2554/source.xml,repository_record,publishedVersion,free_to_read_unknown_reuse,
FTATT_14d8a429298f34f795cd,FTA_20260724T103131Z,doi:10.1038/s41598-018-38343-3,FTC_4a816e7672659d919258,europe_pmc,pdf,https://europepmc.org/articles/PMC6375952?pdf=render,2026-07-24T10:33:49Z,2026-07-24T10:34:06Z,success,200,https://europepmc.org/api/getPdf?pmcid=PMC6375952,application/pdf,4026777,471073598a4d008a8406fdd5cfd72f27d52d094815f05c419a6ea6ee4fef8eed,data/raw/fulltext/doi_10.1038_s41598-018-38343-3/471073598a4d008a/source.pdf,repository_record,publishedVersion,free_to_read_unknown_reuse,
FTATT_233881449b42e49b06cf,FTA_20260724T103131Z,doi:10.48550/arxiv.2407.21150,FTC_a9aabe61da75009e1e34,arxiv,pdf,https://arxiv.org/pdf/2407.21150,2026-07-24T10:34:33Z,2026-07-24T10:35:13Z,success,200,https://arxiv.org/pdf/2407.21150,application/pdf,32503891,1435f016c9cca8fc18ffa3c2b9254a98125574438c2bf8127827c0dd37e875b7,data/raw/fulltext/doi_10.48550_arxiv.2407.21150/1435f016c9cca8fc/source.pdf,arxiv-distribution,submittedVersion,free_to_read_unknown_reuse,
FTATT_f85d845eed07c5797b88,FTA_20260724T103131Z,doi:10.1016/j.compag.2022.107388,FTC_da70608d88eecb315f15,crossref,xml,https://api.elsevier.com/content/article/PII:S0168169922006962?httpAccept=text/xml,2026-07-24T10:35:21Z,2026-07-24T10:35:21Z,success,200,https://api.elsevier.com/content/article/PII:S0168169922006962?httpAccept=text/xml,text/xml;charset=UTF-8,2024,8a678853876a74ae5b32b92e3dd0ba31ad16123293f88b54976638243fc09288,data/raw/fulltext/doi_10.1016_j.compag.2022.107388/8a678853876a74ae/source.xml,,vor,free_to_read_unknown_reuse,
FTATT_398fa7b06de1c5fad1c1,FTA_20260724T103131Z,doi:10.1016/j.compag.2022.107388,FTC_caf2edadf22eb78a7167,direct,pdf,https://doi.org/10.1016/j.compag.2022.107388,2026-07-24T10:35:21Z,2026-07-24T10:35:24Z,failed,,,,,,,,,free_to_read_unknown_reuse,ValueError: Artifact is neither a valid PDF nor well-formed XML
FTATT_e3ac0cd5d7c798e738fe,FTA_20260724T103131Z,doi:10.1145/3637528.3671536,FTC_fb69afcb1e3f9cbe1cd1,arxiv,pdf,https://arxiv.org/pdf/2406.06081,2026-07-24T10:35:34Z,2026-07-24T10:36:18Z,success,200,https://arxiv.org/pdf/2406.06081,application/pdf,46852090,fae44ada85adede6decfd3d0b103a09fb47d9dcc345163e036e9f6754c4aae4f,data/raw/fulltext/doi_10.1145_3637528.3671536/fae44ada85adede6/source.pdf,arxiv-distribution,submittedVersion,free_to_read_unknown_reuse,
FTATT_59dcbf16b6c632cecb8e,FTA_20260724T103131Z,doi:10.1016/j.dib.2026.112642,FTC_82618cd1b21ab019c458,pmc_oai,jats_xml,https://pmc.ncbi.nlm.nih.gov/api/oai/v1/mh/?verb=GetRecord&identifier=oai:pubmedcentral.nih.gov:13000484&metadataPrefix=pmc,2026-07-24T10:36:33Z,2026-07-24T10:36:36Z,failed,,,,,,,pmc-oai-reuse-eligible-record,publishedVersion,free_to_read_unknown_reuse,HTTPError: 403 Client Error: Forbidden for url: https://pmc.ncbi.nlm.nih.gov/api/oai/v1/mh/?verb=GetRecord&identifier=oai:pubmedcentral.nih.gov:13000484&metadataPrefix=pmc
FTATT_11498e7e12512a003ad1,FTA_20260724T103131Z,doi:10.1016/j.dib.2026.112642,FTC_f463c0de4be25086f31a,europe_pmc,jats_xml,https://www.ebi.ac.uk/europepmc/webservices/rest/PMC13000484/fullTextXML,2026-07-24T10:36:36Z,2026-07-24T10:36:37Z,success,200,https://www.ebi.ac.uk/europepmc/webservices/rest/PMC13000484/fullTextXML,application/xml,80313,b4ee0fd2d5d70ca43073c80a3af59a86e63fd25c95acce8351b7289c0615c13b,data/raw/fulltext/doi_10.1016_j.dib.2026.112642/b4ee0fd2d5d70ca4/source.xml,repository_record,publishedVersion,free_to_read_unknown_reuse,
FTATT_2ba68acb1e0f00a997d1,FTA_20260724T103131Z,doi:10.1016/j.dib.2026.112642,FTC_6c0c0c96808f1f7f84e7,europe_pmc,pdf,https://europepmc.org/articles/PMC13000484?pdf=render,2026-07-24T10:36:37Z,2026-07-24T10:37:08Z,success,200,https://europepmc.org/api/getPdf?pmcid=PMC13000484,application/pdf,2151838,b374fadf0996d1da4662a05a5a6ed5d299b91b3ba4b230242b5f6e0904131b56,data/raw/fulltext/doi_10.1016_j.dib.2026.112642/b374fadf0996d1da/source.pdf,repository_record,publishedVersion,free_to_read_unknown_reuse,
FTATT_538bb0994e634ce3a012,FTA_20260727T224846Z,arxiv:260503784,FTC_9a4763cd4ff67811d0e8,arxiv,pdf,https://arxiv.org/pdf/2605.03784,2026-07-27T22:48:54Z,2026-07-27T22:48:58Z,success,200,https://arxiv.org/pdf/2605.03784,application/pdf,10800613,903267c9f12e2a4914d9fccac935ba6508e28bc267ff21643034026ed8993aa5,data/raw/fulltext/arxiv_260503784/903267c9f12e2a49/source.pdf,arxiv-distribution,submittedVersion,free_to_read_unknown_reuse,
FTATT_0cde9a679ab643ab26bb,FTA_20260727T224846Z,doi:10.1109/icra.2018.8460962,FTC_becef5b0c7c945da4e43,arxiv,pdf,https://arxiv.org/pdf/1709.06764,2026-07-27T22:49:06Z,2026-07-27T22:49:07Z,success,200,https://arxiv.org/pdf/1709.06764,application/pdf,3476616,e9e85c03a99e6733bf1be50684e62c78ed8af14a5d58da5238520d0674983acb,data/raw/fulltext/doi_10.1109_icra.2018.8460962/e9e85c03a99e6733/source.pdf,arxiv-distribution,submittedVersion,free_to_read_unknown_reuse,
FTATT_a818743a47531f459fbf,FTA_20260727T224846Z,doi:10.1007/s00371-025-04351-4,FTC_3ab99c5ece2c39d368b5,direct,pdf,https://link.springer.com/content/pdf/10.1007/s00371-025-04351-4.pdf,2026-07-27T22:49:22Z,2026-07-27T22:49:25Z,success,200,https://link.springer.com/content/pdf/10.1007/s00371-025-04351-4.pdf,application/pdf,9031767,15c73a4722cf6a04fb788c5f9ff185410d0d854c74e35bdd49cab4f4e207e2a4,data/raw/fulltext/doi_10.1007_s00371-025-04351-4/15c73a4722cf6a04/source.pdf,,,free_to_read_unknown_reuse,
FTATT_711696e9ec9788586d0e,FTA_20260727T224846Z,doi:10.3389/fpls.2024.1352935,FTC_55af3cbcc38988c4c8f2,direct,pdf,https://www.frontiersin.org/journals/plant-science/articles/10.3389/fpls.2024.1352935/pdf,2026-07-27T22:49:28Z,2026-07-27T22:49:33Z,success,200,https://www.frontiersin.org/journals/plant-science/articles/10.3389/fpls.2024.1352935/pdf,application/pdf,15433439,aba76b0a2050d92e9b4217c0e472b27faf778d6886153bcfa6d3781178a5df14,data/raw/fulltext/doi_10.3389_fpls.2024.1352935/aba76b0a2050d92e/source.pdf,,,free_to_read_unknown_reuse,
FTATT_3ea534b690f5eae08462,FTA_20260727T224846Z,doi:10.1038/s41598-022-23399-z,FTC_9d07350bffb7ddd0e47b,pmc_oai,jats_xml,https://pmc.ncbi.nlm.nih.gov/api/oai/v1/mh/?verb=GetRecord&identifier=oai:pubmedcentral.nih.gov:9666527&metadataPrefix=pmc,2026-07-27T22:49:40Z,2026-07-27T22:49:43Z,failed,,,,,,,pmc-oai-reuse-eligible-record,publishedVersion,free_to_read_unknown_reuse,HTTPError: 403 Client Error: Forbidden for url: https://pmc.ncbi.nlm.nih.gov/api/oai/v1/mh/?verb=GetRecord&identifier=oai:pubmedcentral.nih.gov:9666527&metadataPrefix=pmc
FTATT_d9754f52cba41a4b215a,FTA_20260727T224846Z,doi:10.1038/s41598-022-23399-z,FTC_193b65dbb65e6bc3deef,europe_pmc,jats_xml,https://www.ebi.ac.uk/europepmc/webservices/rest/PMC9666527/fullTextXML,2026-07-27T22:49:43Z,2026-07-27T22:49:44Z,success,200,https://www.ebi.ac.uk/europepmc/webservices/rest/PMC9666527/fullTextXML,application/xml,94634,218d4db10c8711fb8f0c7de4d9f94789328c2e7b89dbea5ccb6b1c14e903c5fd,data/raw/fulltext/doi_10.1038_s41598-022-23399-z/218d4db10c8711fb/source.xml,repository_record,publishedVersion,free_to_read_unknown_reuse,
FTATT_6f43aab88430a766a182,FTA_20260727T224846Z,doi:10.1038/s41598-022-23399-z,FTC_06e68b740d7f5f41c95c,europe_pmc,pdf,https://europepmc.org/articles/PMC9666527?pdf=render,2026-07-27T22:49:44Z,2026-07-27T22:50:14Z,success,200,https://europepmc.org/api/getPdf?pmcid=PMC9666527,application/pdf,19768720,a7e8aa9adc0a1d4c443f9c995ba74310a5b2e3ddee69f4298e1502464eef4a25,data/raw/fulltext/doi_10.1038_s41598-022-23399-z/a7e8aa9adc0a1d4c/source.pdf,repository_record,publishedVersion,free_to_read_unknown_reuse,
FTATT_4dcd0bbe0c25ec1536e5,FTA_20260727T224846Z,doi:10.48550/arxiv.2411.11285,FTC_bab9ed0fc2244f4d1614,arxiv,pdf,https://arxiv.org/pdf/2411.11285,2026-07-27T22:50:21Z,2026-07-27T22:50:30Z,success,200,https://arxiv.org/pdf/2411.11285,application/pdf,19901348,130744722e9d806aa1afe29d0be322109100780f719ab9281100abd2dbfc5746,data/raw/fulltext/doi_10.48550_arxiv.2411.11285/130744722e9d806a/source.pdf,arxiv-distribution,submittedVersion,free_to_read_unknown_reuse,
FTATT_c98e6fa11d7c390da5d2,FTA_20260727T224846Z,doi:10.3389/fpls.2022.1053329,FTC_bf98eb7c4f0e7f0d700b,pmc_oai,jats_xml,https://pmc.ncbi.nlm.nih.gov/api/oai/v1/mh/?verb=GetRecord&identifier=oai:pubmedcentral.nih.gov:9748680&metadataPrefix=pmc,2026-07-27T22:50:41Z,2026-07-27T22:50:44Z,failed,,,,,,,pmc-oai-reuse-eligible-record,publishedVersion,free_to_read_unknown_reuse,HTTPError: 403 Client Error: Forbidden for url: https://pmc.ncbi.nlm.nih.gov/api/oai/v1/mh/?verb=GetRecord&identifier=oai:pubmedcentral.nih.gov:9748680&metadataPrefix=pmc
FTATT_35fef6382d07a2cc02b9,FTA_20260727T224846Z,doi:10.3389/fpls.2022.1053329,FTC_7483172254a6d96dd370,europe_pmc,jats_xml,https://www.ebi.ac.uk/europepmc/webservices/rest/PMC9748680/fullTextXML,2026-07-27T22:50:44Z,2026-07-27T22:50:45Z,success,200,https://www.ebi.ac.uk/europepmc/webservices/rest/PMC9748680/fullTextXML,application/xml,116316,3ea340d883af1f7ff459bf07e6f93a73d096cc5c6c6d5d1a89772172391ad503,data/raw/fulltext/doi_10.3389_fpls.2022.1053329/3ea340d883af1f7f/source.xml,repository_record,publishedVersion,free_to_read_unknown_reuse,
FTATT_ce6a4de0aa58739bce33,FTA_20260727T224846Z,doi:10.3389/fpls.2022.1053329,FTC_d60237e03b0c98c7ed3e,europe_pmc,pdf,https://europepmc.org/articles/PMC9748680?pdf=render,2026-07-27T22:50:45Z,2026-07-27T22:51:01Z,success,200,https://europepmc.org/api/getPdf?pmcid=PMC9748680,application/pdf,8187725,19c785fd9afce7a221038b5f24066b58bc10f2e63ff0927368b7b74934b12186,data/raw/fulltext/doi_10.3389_fpls.2022.1053329/19c785fd9afce7a2/source.pdf,repository_record,publishedVersion,free_to_read_unknown_reuse,
FTATT_8049a91d6c4d82c9e0ce,FTA_20260727T224846Z,doi:10.1016/j.atech.2026.101875,FTC_1128f736b22bb9514e31,crossref,xml,https://api.elsevier.com/content/article/PII:S2772375526000997?httpAccept=text/xml,2026-07-27T22:51:02Z,2026-07-27T22:51:04Z,success,200,https://api.elsevier.com/content/article/PII:S2772375526000997?httpAccept=text/xml,text/xml;charset=UTF-8,1967,154111f4904f93202c3eef2ffd24df30459e57ca8853a14e7de19c4e2b2ce0c7,data/raw/fulltext/doi_10.1016_j.atech.2026.101875/154111f4904f9320/source.xml,,vor,free_to_read_unknown_reuse,
FTATT_f6122d62c2b98c5c8ac1,FTA_20260727T224846Z,doi:10.1016/j.atech.2026.101875,FTC_1c962a83bd623b2042ea,semantic_scholar,pdf,https://doi.org/10.1016/j.atech.2026.101875,2026-07-27T22:51:04Z,2026-07-27T22:51:07Z,failed,,,,,,,CCBY,,free_to_read_unknown_reuse,ValueError: Artifact is neither a valid PDF nor well-formed XML
FTATT_31a1a0d488c8bd7f2bde,FTA_20260727T224846Z,doi:10.1002/ppj2.70083,FTC_1464baf1f37f3de2c801,crossref,xml,https://acsess.onlinelibrary.wiley.com/doi/full-xml/10.1002/ppj2.70083,2026-07-27T22:51:15Z,2026-07-27T22:51:17Z,failed,,,,,,,,vor,free_to_read_unknown_reuse,HTTPError: 403 Client Error: Forbidden for url: https://acsess.onlinelibrary.wiley.com/doi/full-xml/10.1002/ppj2.70083
FTATT_a09cae7a4fa41a0390c4,FTA_20260727T224846Z,doi:10.1002/ppj2.70083,FTC_8db7651cae7d202a51be,semantic_scholar,pdf,https://doi.org/10.1002/ppj2.70083,2026-07-27T22:51:17Z,2026-07-27T22:51:23Z,failed,,,,,,,CCBYNCND,,free_to_read_unknown_reuse,ValueError: Artifact is neither a valid PDF nor well-formed XML
FTATT_3f1c279eecbd76ed4fa4,FTA_20260727T224846Z,doi:10.1002/ppj2.70083,FTC_f9e1efef1a3441744135,crossref,pdf,https://acsess.onlinelibrary.wiley.com/doi/pdf/10.1002/ppj2.70083,2026-07-27T22:51:23Z,2026-07-27T22:51:26Z,failed,,,,,,,,vor,free_to_read_unknown_reuse,ValueError: Artifact is neither a valid PDF nor well-formed XML
FTATT_a38514c593010fbfac12,FTA_20260727T224846Z,doi:10.1016/j.patrec.2015.10.013,FTC_2e0dad26cc834bce3e54,crossref,xml,https://api.elsevier.com/content/article/PII:S0167865515003645?httpAccept=text/xml,2026-07-27T22:51:34Z,2026-07-27T22:51:34Z,success,200,https://api.elsevier.com/content/article/PII:S0167865515003645?httpAccept=text/xml,text/xml;charset=UTF-8,1824,44164464c446c86fa49e6f82cf080a90bf4e570ab11a9fd70d6fe93a48d85cde,data/raw/fulltext/doi_10.1016_j.patrec.2015.10.013/44164464c446c86f/source.xml,,vor,free_to_read_unknown_reuse,
FTATT_9339b8253809f17f7813,FTA_20260727T224846Z,doi:10.1016/j.patrec.2015.10.013,FTC_a6a76e4f6c8869c3e7cd,direct,pdf,https://www.pure.ed.ac.uk/ws/files/23142609/Minervini_PRL2015.pdf,2026-07-27T22:51:34Z,2026-07-27T22:53:00Z,failed,,,,,,,,,free_to_read_unknown_reuse,"ReadTimeout: HTTPSConnectionPool(host='www.pure.ed.ac.uk', port=443): Read timed out. (read timeout=45)"
FTATT_6bd3ac0cf45e0dca72a6,FTA_20260727T224846Z,doi:10.1109/dicta63115.2024.00095,FTC_a755b97455d434d12ebb,semantic_scholar,pdf,http://arxiv.org/pdf/2502.08678,2026-07-27T22:53:04Z,2026-07-27T22:53:15Z,success,200,https://arxiv.org/pdf/2502.08678,application/pdf,19880130,fdb2b9c3836af82b41cb30087baa2a09cfe10ea3cd63702bd9fb14ec5ad30ecd,data/raw/fulltext/doi_10.1109_dicta63115.2024.00095/fdb2b9c3836af82b/source.pdf,,,free_to_read_unknown_reuse,
FTATT_45424b988b1a9486dfdc,FTA_20260727T224846Z,doi:10.3389/fpls.2016.01419,FTC_f138fa391ecf32671b81,pmc_oai,jats_xml,https://pmc.ncbi.nlm.nih.gov/api/oai/v1/mh/?verb=GetRecord&identifier=oai:pubmedcentral.nih.gov:5032846&metadataPrefix=pmc,2026-07-27T22:53:22Z,2026-07-27T22:53:25Z,failed,,,,,,,pmc-oai-reuse-eligible-record,publishedVersion,free_to_read_unknown_reuse,HTTPError: 403 Client Error: Forbidden for url: https://pmc.ncbi.nlm.nih.gov/api/oai/v1/mh/?verb=GetRecord&identifier=oai:pubmedcentral.nih.gov:5032846&metadataPrefix=pmc
FTATT_aacdb6ec84d3582846dd,FTA_20260727T224846Z,doi:10.3389/fpls.2016.01419,FTC_310f2139cecd967c0a74,europe_pmc,jats_xml,https://www.ebi.ac.uk/europepmc/webservices/rest/PMC5032846/fullTextXML,2026-07-27T22:53:25Z,2026-07-27T22:53:26Z,success,200,https://www.ebi.ac.uk/europepmc/webservices/rest/PMC5032846/fullTextXML,application/xml,85546,870d853fe9791d4411bd10cb6495e256b6f34491683edf62f87eec1a8aa36488,data/raw/fulltext/doi_10.3389_fpls.2016.01419/870d853fe9791d44/source.xml,repository_record,publishedVersion,free_to_read_unknown_reuse,
FTATT_d990b80f56c51ba5616b,FTA_20260727T224846Z,doi:10.3389/fpls.2016.01419,FTC_3dc83c52a7c6ac4109d8,europe_pmc,pdf,https://europepmc.org/articles/PMC5032846?pdf=render,2026-07-27T22:53:26Z,2026-07-27T22:53:34Z,success,200,https://europepmc.org/api/getPdf?pmcid=PMC5032846,application/pdf,3260684,151ce25d20f26400993ccb2d58a6444cd40453c74d9725a3973a3a857371e532,data/raw/fulltext/doi_10.3389_fpls.2016.01419/151ce25d20f26400/source.pdf,repository_record,publishedVersion,free_to_read_unknown_reuse,
FTATT_7a593f07815e2b814087,FTA_20260727T224846Z,doi:10.3390/s23052713,FTC_91618a81a6d3267729d4,pmc_oai,jats_xml,https://pmc.ncbi.nlm.nih.gov/api/oai/v1/mh/?verb=GetRecord&identifier=oai:pubmedcentral.nih.gov:10007111&metadataPrefix=pmc,2026-07-27T22:53:42Z,2026-07-27T22:53:45Z,failed,,,,,,,pmc-oai-reuse-eligible-record,publishedVersion,free_to_read_unknown_reuse,HTTPError: 403 Client Error: Forbidden for url: https://pmc.ncbi.nlm.nih.gov/api/oai/v1/mh/?verb=GetRecord&identifier=oai:pubmedcentral.nih.gov:10007111&metadataPrefix=pmc
FTATT_7094f9798b02fa0f194f,FTA_20260727T224846Z,doi:10.3390/s23052713,FTC_a3cea73f9ca9bd409f4b,europe_pmc,jats_xml,https://www.ebi.ac.uk/europepmc/webservices/rest/PMC10007111/fullTextXML,2026-07-27T22:53:45Z,2026-07-27T22:53:45Z,success,200,https://www.ebi.ac.uk/europepmc/webservices/rest/PMC10007111/fullTextXML,application/xml,145538,7801dfda1bb904f3dba1d4eef15ed9217f3e7aec9298dde66aeca6b22ba5b29b,data/raw/fulltext/doi_10.3390_s23052713/7801dfda1bb904f3/source.xml,repository_record,publishedVersion,free_to_read_unknown_reuse,
FTATT_4275e03a31b472cacc7f,FTA_20260727T224846Z,doi:10.3390/s23052713,FTC_4b6177444e85dac9e645,europe_pmc,pdf,https://europepmc.org/articles/PMC10007111?pdf=render,2026-07-27T22:53:45Z,2026-07-27T22:53:56Z,success,200,https://europepmc.org/api/getPdf?pmcid=PMC10007111,application/pdf,9820106,48bf1b977295a57f2bdf26f0040646e65f3ba24f12c18cdcedbca6fa598600f3,data/raw/fulltext/doi_10.3390_s23052713/48bf1b977295a57f/source.pdf,repository_record,publishedVersion,free_to_read_unknown_reuse,
FTATT_b3d4a49e62fc9c65716d,FTA_20260727T224846Z,doi:10.1016/j.aiia.2024.07.001,FTC_d4ecc78749585056f1ab,crossref,xml,https://api.elsevier.com/content/article/PII:S258972172400028X?httpAccept=text/xml,2026-07-27T22:54:04Z,2026-07-27T22:54:04Z,success,200,https://api.elsevier.com/content/article/PII:S258972172400028X?httpAccept=text/xml,text/xml;charset=UTF-8,1967,f9602462d8129762903ff9b8e42bc536d70d4db848575ff9153d0d1dc9e804dd,data/raw/fulltext/doi_10.1016_j.aiia.2024.07.001/f9602462d8129762/source.xml,,vor,free_to_read_unknown_reuse,
FTATT_5e88031e148294c0e16f,FTA_20260727T224846Z,doi:10.1016/j.aiia.2024.07.001,FTC_47af00c872ccee80dc68,semantic_scholar,pdf,https://doi.org/10.1016/j.aiia.2024.07.001,2026-07-27T22:54:04Z,2026-07-27T22:54:07Z,failed,,,,,,,CCBY,,free_to_read_unknown_reuse,ValueError: Artifact is neither a valid PDF nor well-formed XML
FTATT_b2ec91a5e4c8e0f708a7,FTA_20260727T224846Z,doi:10.1016/j.dib.2022.108575,FTC_7a43ed1ea35f11850bff,pmc_oai,jats_xml,https://pmc.ncbi.nlm.nih.gov/api/oai/v1/mh/?verb=GetRecord&identifier=oai:pubmedcentral.nih.gov:9483728&metadataPrefix=pmc,2026-07-27T22:54:08Z,2026-07-27T22:54:11Z,failed,,,,,,,pmc-oai-reuse-eligible-record,publishedVersion,free_to_read_unknown_reuse,HTTPError: 403 Client Error: Forbidden for url: https://pmc.ncbi.nlm.nih.gov/api/oai/v1/mh/?verb=GetRecord&identifier=oai:pubmedcentral.nih.gov:9483728&metadataPrefix=pmc
FTATT_93adea890d66c1abb587,FTA_20260727T224846Z,doi:10.1016/j.dib.2022.108575,FTC_ecfa2b3fdb5db6b30cf9,europe_pmc,jats_xml,https://www.ebi.ac.uk/europepmc/webservices/rest/PMC9483728/fullTextXML,2026-07-27T22:54:11Z,2026-07-27T22:54:11Z,success,200,https://www.ebi.ac.uk/europepmc/webservices/rest/PMC9483728/fullTextXML,application/xml,26899,71392468b288b39e6eae2d21183beaad88a81e973f1b7eaee29a06bf9cd6117e,data/raw/fulltext/doi_10.1016_j.dib.2022.108575/71392468b288b39e/source.xml,repository_record,publishedVersion,free_to_read_unknown_reuse,
FTATT_4c338835cc9bbb11ee25,FTA_20260727T224846Z,doi:10.1016/j.dib.2022.108575,FTC_67b80dbf9ceff9b56f94,europe_pmc,pdf,https://europepmc.org/articles/PMC9483728?pdf=render,2026-07-27T22:54:11Z,2026-07-27T22:54:17Z,success,200,https://europepmc.org/api/getPdf?pmcid=PMC9483728,application/pdf,973436,3a12b6d943e612918c7a9dbd29bfc9e2c6cbe26c7029ee3aa3b15945dd203f2d,data/raw/fulltext/doi_10.1016_j.dib.2022.108575/3a12b6d943e61291/source.pdf,repository_record,publishedVersion,free_to_read_unknown_reuse,
FTATT_382fd4cef8228f2fb9dc,FTA_20260727T224846Z,doi:10.1038/s41597-024-04290-0,FTC_cabb75587a9f0adc91b4,pmc_oai,jats_xml,https://pmc.ncbi.nlm.nih.gov/api/oai/v1/mh/?verb=GetRecord&identifier=oai:pubmedcentral.nih.gov:11681092&metadataPrefix=pmc,2026-07-27T22:54:28Z,2026-07-27T22:54:32Z,failed,,,,,,,pmc-oai-reuse-eligible-record,publishedVersion,free_to_read_unknown_reuse,HTTPError: 403 Client Error: Forbidden for url: https://pmc.ncbi.nlm.nih.gov/api/oai/v1/mh/?verb=GetRecord&identifier=oai:pubmedcentral.nih.gov:11681092&metadataPrefix=pmc
FTATT_71fb80b1299936b19c92,FTA_20260727T224846Z,doi:10.1038/s41597-024-04290-0,FTC_697b18ca51e944c69a9e,europe_pmc,jats_xml,https://www.ebi.ac.uk/europepmc/webservices/rest/PMC11681092/fullTextXML,2026-07-27T22:54:32Z,2026-07-27T22:54:32Z,success,200,https://www.ebi.ac.uk/europepmc/webservices/rest/PMC11681092/fullTextXML,application/xml,123996,67690affb3f649e7b753a204103d3731afc1c24bdeb50f33e9b02dcf607feac9,data/raw/fulltext/doi_10.1038_s41597-024-04290-0/67690affb3f649e7/source.xml,repository_record,publishedVersion,free_to_read_unknown_reuse,
FTATT_36d024ec73ef3eb01507,FTA_20260727T224846Z,doi:10.1038/s41597-024-04290-0,FTC_928c8e45c50deab3e4fa,europe_pmc,pdf,https://europepmc.org/articles/PMC11681092?pdf=render,2026-07-27T22:54:32Z,2026-07-27T22:54:41Z,success,200,https://europepmc.org/api/getPdf?pmcid=PMC11681092,application/pdf,7152290,91f65ce27c24a67f57391c9a423c51170ab259fd06d19a66d65bab02e6b61756,data/raw/fulltext/doi_10.1038_s41597-024-04290-0/91f65ce27c24a67f/source.pdf,repository_record,publishedVersion,free_to_read_unknown_reuse,
FTATT_7fc8a972a5dd7c290c46,FTA_20260727T224846Z,doi:10.1016/j.dib.2025.111852,FTC_44f29f7d986f1f27545b,pmc_oai,jats_xml,https://pmc.ncbi.nlm.nih.gov/api/oai/v1/mh/?verb=GetRecord&identifier=oai:pubmedcentral.nih.gov:12296535&metadataPrefix=pmc,2026-07-27T22:54:49Z,2026-07-27T22:54:52Z,failed,,,,,,,pmc-oai-reuse-eligible-record,publishedVersion,free_to_read_unknown_reuse,HTTPError: 403 Client Error: Forbidden for url: https://pmc.ncbi.nlm.nih.gov/api/oai/v1/mh/?verb=GetRecord&identifier=oai:pubmedcentral.nih.gov:12296535&metadataPrefix=pmc
FTATT_fe87ac60afeb8a6bfb80,FTA_20260727T224846Z,doi:10.1016/j.dib.2025.111852,FTC_c6e95cb0410589ab6c24,europe_pmc,jats_xml,https://www.ebi.ac.uk/europepmc/webservices/rest/PMC12296535/fullTextXML,2026-07-27T22:54:52Z,2026-07-27T22:54:52Z,success,200,https://www.ebi.ac.uk/europepmc/webservices/rest/PMC12296535/fullTextXML,application/xml,82015,6ea4338ad026566c44793d1bfffaa3d1e6978c08f6976188d94bf50c99edff2a,data/raw/fulltext/doi_10.1016_j.dib.2025.111852/6ea4338ad026566c/source.xml,repository_record,publishedVersion,free_to_read_unknown_reuse,
FTATT_ec198c58295d7e068eb4,FTA_20260727T224846Z,doi:10.1016/j.dib.2025.111852,FTC_e13ed34884bc50a68492,europe_pmc,pdf,https://europepmc.org/articles/PMC12296535?pdf=render,2026-07-27T22:54:52Z,2026-07-27T22:54:56Z,success,200,https://europepmc.org/api/getPdf?pmcid=PMC12296535,application/pdf,2994474,dcf726c13fa4ae002daf895621d519ba209d1c651888e32fc4c438600d05c3a0,data/raw/fulltext/doi_10.1016_j.dib.2025.111852/dcf726c13fa4ae00/source.pdf,repository_record,publishedVersion,free_to_read_unknown_reuse,
FTATT_aa124c5599bccdf1adc1,FTA_20260728T102642Z,doi:10.1016/j.atech.2026.101875,FTC_1128f736b22bb9514e31,crossref,xml,https://api.elsevier.com/content/article/PII:S2772375526000997?httpAccept=text/xml,2026-07-28T10:26:49Z,2026-07-28T10:26:50Z,success,200,https://api.elsevier.com/content/article/PII:S2772375526000997?httpAccept=text/xml,text/xml;charset=UTF-8,1967,154111f4904f93202c3eef2ffd24df30459e57ca8853a14e7de19c4e2b2ce0c7,data/raw/fulltext/doi_10.1016_j.atech.2026.101875/154111f4904f9320/source.xml,,vor,free_to_read_unknown_reuse,
FTATT_87e5c5d22c46ec1c4269,FTA_20260728T102642Z,doi:10.1016/j.patrec.2015.10.013,FTC_2e0dad26cc834bce3e54,crossref,xml,https://api.elsevier.com/content/article/PII:S0167865515003645?httpAccept=text/xml,2026-07-28T10:26:52Z,2026-07-28T10:26:53Z,success,200,https://api.elsevier.com/content/article/PII:S0167865515003645?httpAccept=text/xml,text/xml;charset=UTF-8,1824,44164464c446c86fa49e6f82cf080a90bf4e570ab11a9fd70d6fe93a48d85cde,data/raw/fulltext/doi_10.1016_j.patrec.2015.10.013/44164464c446c86f/source.xml,,vor,free_to_read_unknown_reuse,
FTATT_3c4ccd48551fb32fcda4,FTA_20260728T102642Z,doi:10.1016/j.patrec.2015.10.013,FTC_a6a76e4f6c8869c3e7cd,direct,pdf,https://www.pure.ed.ac.uk/ws/files/23142609/Minervini_PRL2015.pdf,2026-07-28T10:26:53Z,2026-07-28T10:26:55Z,success,200,https://www.pure.ed.ac.uk/ws/files/23142609/Minervini_PRL2015.pdf,application/pdf,10152198,d30ecd5558f54e11d94e8d432a999854bb572ba2dca89f9dedef8db1eaaff84a,data/raw/fulltext/doi_10.1016_j.patrec.2015.10.013/d30ecd5558f54e11/source.pdf,,,free_to_read_unknown_reuse,
FTATT_5d132e149933afc88a55,FTA_20260728T102642Z,doi:10.1016/j.aiia.2024.07.001,FTC_d4ecc78749585056f1ab,crossref,xml,https://api.elsevier.com/content/article/PII:S258972172400028X?httpAccept=text/xml,2026-07-28T10:27:03Z,2026-07-28T10:27:03Z,success,200,https://api.elsevier.com/content/article/PII:S258972172400028X?httpAccept=text/xml,text/xml;charset=UTF-8,1967,f9602462d8129762903ff9b8e42bc536d70d4db848575ff9153d0d1dc9e804dd,data/raw/fulltext/doi_10.1016_j.aiia.2024.07.001/f9602462d8129762/source.xml,,vor,free_to_read_unknown_reuse,
FTATT_08a077a0396cf5cd6a85,FTA_20260728T220416Z,doi:10.3390/agriculture16020215,FTC_e5fcd52a5cdb2d4770ee,direct,pdf,https://www.mdpi.com/2077-0472/16/2/215/pdf?version=1768469170,2026-07-28T22:04:23Z,2026-07-28T22:04:25Z,failed,,,,,,,,,free_to_read_unknown_reuse,HTTPError: 403 Client Error: Forbidden for url: https://www.mdpi.com/2077-0472/16/2/215/pdf?version=1768469170
FTATT_746e9c3c985947d7606a,FTA_20260728T220416Z,doi:10.3390/agriculture16020215,FTC_af9e536b12531f6f1617,crossref,pdf,https://www.mdpi.com/2077-0472/16/2/215/pdf,2026-07-28T22:04:25Z,2026-07-28T22:04:28Z,failed,,,,,,,,vor,free_to_read_unknown_reuse,HTTPError: 403 Client Error: Forbidden for url: https://www.mdpi.com/2077-0472/16/2/215/pdf
FTATT_9317d3fb691b00536b8b,FTA_20260728T220416Z,doi:10.1016/j.atech.2025.101020,FTC_1c371025876a8b6e3674,crossref,xml,https://api.elsevier.com/content/article/PII:S2772375525002539?httpAccept=text/xml,2026-07-28T22:04:43Z,2026-07-28T22:04:44Z,success,200,https://api.elsevier.com/content/article/PII:S2772375525002539?httpAccept=text/xml,text/xml;charset=UTF-8,1940,6d45371e69b640acb8261b1a80c769cb4b3e425d092f94d1192902416bbb1120,data/raw/fulltext/doi_10.1016_j.atech.2025.101020/6d45371e69b640ac/source.xml,,vor,free_to_read_unknown_reuse,
FTATT_373693cd1068b7373d4b,FTA_20260728T220416Z,doi:10.1016/j.atech.2025.101020,FTC_57e38906e029abed93b5,direct,pdf,https://doi.org/10.1016/j.atech.2025.101020,2026-07-28T22:04:44Z,2026-07-28T22:04:46Z,failed,,,,,,,,,free_to_read_unknown_reuse,ValueError: Artifact is neither a valid PDF nor well-formed XML
FTATT_a3a32f05d97942932019,FTA_20260728T220416Z,doi:10.48550/arxiv.2403.00566,FTC_b969540f8e33cbb92407,arxiv,pdf,https://arxiv.org/pdf/2403.00566,2026-07-28T22:04:54Z,2026-07-28T22:04:57Z,success,200,https://arxiv.org/pdf/2403.00566,application/pdf,11316289,99aaa5cb4df3515c25215fad0fea705b9be62e74a52d098a1b9554f405870726,data/raw/fulltext/doi_10.48550_arxiv.2403.00566/99aaa5cb4df3515c/source.pdf,arxiv-distribution,submittedVersion,free_to_read_unknown_reuse,
FTATT_f896ddd3339529165ae5,FTA_20260728T220416Z,doi:10.1016/j.compag.2024.109607,FTC_27eba221b0696056ed33,crossref,xml,https://api.elsevier.com/content/article/PII:S0168169924009980?httpAccept=text/xml,2026-07-28T22:05:07Z,2026-07-28T22:05:08Z,success,200,https://api.elsevier.com/content/article/PII:S0168169924009980?httpAccept=text/xml,text/xml;charset=UTF-8,2072,23b90b08abb87d61c8a79b24ebc5a0c95523130a6599c039fdcd991f32aec48d,data/raw/fulltext/doi_10.1016_j.compag.2024.109607/23b90b08abb87d61/source.xml,,vor,free_to_read_unknown_reuse,
FTATT_72fbd41c0ea4bf4a1e3a,FTA_20260728T220416Z,doi:10.1016/j.compag.2024.109607,FTC_d3a5f541aeb6531891de,semantic_scholar,pdf,https://doi.org/10.1016/j.compag.2024.109607,2026-07-28T22:05:08Z,2026-07-28T22:05:10Z,failed,,,,,,,CCBY,,free_to_read_unknown_reuse,ValueError: Artifact is neither a valid PDF nor well-formed XML
FTATT_be40fbed9a88e0450f67,FTA_20260728T220416Z,doi:10.48550/arxiv.2404.02580,FTC_96148d27b9718531e4b4,arxiv,pdf,https://arxiv.org/pdf/2404.02580,2026-07-28T22:05:18Z,2026-07-28T22:05:24Z,success,200,https://arxiv.org/pdf/2404.02580,application/pdf,29575333,2f7131456a528778b850f7836cccc2652adb1f5d86d8773fc487ef5ee2d8228d,data/raw/fulltext/doi_10.48550_arxiv.2404.02580/2f7131456a528778/source.pdf,arxiv-distribution,submittedVersion,free_to_read_unknown_reuse,
FTATT_bd82b9795829b776744a,FTA_20260728T220416Z,doi:10.3390/plants15081218,FTC_5ecda84f36233eb0f084,pmc_oai,jats_xml,https://pmc.ncbi.nlm.nih.gov/api/oai/v1/mh/?verb=GetRecord&identifier=oai:pubmedcentral.nih.gov:13119506&metadataPrefix=pmc,2026-07-28T22:05:39Z,2026-07-28T22:05:42Z,failed,,,,,,,pmc-oai-reuse-eligible-record,publishedVersion,free_to_read_unknown_reuse,HTTPError: 403 Client Error: Forbidden for url: https://pmc.ncbi.nlm.nih.gov/api/oai/v1/mh/?verb=GetRecord&identifier=oai:pubmedcentral.nih.gov:13119506&metadataPrefix=pmc
FTATT_27e0d85c7fa5307b5718,FTA_20260728T220416Z,doi:10.3390/plants15081218,FTC_75d2e9ce4a8ffad16253,europe_pmc,jats_xml,https://www.ebi.ac.uk/europepmc/webservices/rest/PMC13119506/fullTextXML,2026-07-28T22:05:42Z,2026-07-28T22:05:43Z,success,200,https://www.ebi.ac.uk/europepmc/webservices/rest/PMC13119506/fullTextXML,application/xml,464060,cf3174bb595be9c5cbacfdad6c7e955c9e2bf150506e76685282be67330183c4,data/raw/fulltext/doi_10.3390_plants15081218/cf3174bb595be9c5/source.xml,repository_record,publishedVersion,free_to_read_unknown_reuse,
FTATT_4d892c31c3725002b64b,FTA_20260728T220416Z,doi:10.3390/plants15081218,FTC_bcd18f2b470b2eb5f99b,europe_pmc,pdf,https://europepmc.org/articles/PMC13119506?pdf=render,2026-07-28T22:05:43Z,2026-07-28T22:06:08Z,success,200,https://europepmc.org/api/getPdf?pmcid=PMC13119506,application/pdf,24621005,5ac9b1e84f65968a5d5005e7479762c1135ed19f16afe16f20e48120096879b2,data/raw/fulltext/doi_10.3390_plants15081218/5ac9b1e84f65968a/source.pdf,repository_record,publishedVersion,free_to_read_unknown_reuse,
FTATT_ae27bc2d1ba109acfa6e,FTA_20260728T220416Z,doi:10.1016/j.compag.2022.107388,FTC_caf2edadf22eb78a7167,direct,pdf,https://doi.org/10.1016/j.compag.2022.107388,2026-07-28T22:06:15Z,2026-07-28T22:06:18Z,failed,,,,,,,,,free_to_read_unknown_reuse,ValueError: Artifact is neither a valid PDF nor well-formed XML
FTATT_b447bdff15f39af0033c,FTA_20260728T220416Z,doi:10.3390/agriculture13071321,FTC_f09dff0929c3f9caeefc,direct,pdf,https://www.mdpi.com/2077-0472/13/7/1321/pdf?version=1687948002,2026-07-28T22:06:25Z,2026-07-28T22:06:28Z,failed,,,,,,,,,free_to_read_unknown_reuse,HTTPError: 403 Client Error: Forbidden for url: https://www.mdpi.com/2077-0472/13/7/1321/pdf?version=1687948002
FTATT_0f7dc3a7579cd909d771,FTA_20260728T220416Z,doi:10.3390/agriculture13071321,FTC_d532c26796d7b5943451,crossref,pdf,https://www.mdpi.com/2077-0472/13/7/1321/pdf,2026-07-28T22:06:28Z,2026-07-28T22:06:30Z,failed,,,,,,,,vor,free_to_read_unknown_reuse,HTTPError: 403 Client Error: Forbidden for url: https://www.mdpi.com/2077-0472/13/7/1321/pdf
FTATT_b8dbac40a566733ef6f3,FTA_20260728T220416Z,doi:10.1109/tpami.2024.3419548,FTC_7742605e00f3a4a5cf91,arxiv,pdf,https://arxiv.org/pdf/2306.04557,2026-07-28T22:06:38Z,2026-07-28T22:06:39Z,success,200,https://arxiv.org/pdf/2306.04557,application/pdf,5656780,434e50ac4b4842164ff5af6851e75348bf080f6d2bbfc04f9696c6398f26798f,data/raw/fulltext/doi_10.1109_tpami.2024.3419548/434e50ac4b484216/source.pdf,arxiv-distribution,submittedVersion,free_to_read_unknown_reuse,
FTATT_ac13a99ac126a2458137,FTA_20260728T220416Z,arxiv:260522366,FTC_afbdf09cd421e599efb3,arxiv,pdf,https://arxiv.org/pdf/2605.22366,2026-07-28T22:06:56Z,2026-07-28T22:07:02Z,success,200,https://arxiv.org/pdf/2605.22366,application/pdf,26610079,33076096edcf53014878942232d396cb9a26f70ef7797bf4e29270487be82053,data/raw/fulltext/arxiv_260522366/33076096edcf5301/source.pdf,arxiv-distribution,submittedVersion,free_to_read_unknown_reuse,
FTATT_eab2077c3a36f960ebf0,FTA_20260728T220416Z,doi:10.3389/fpls.2025.1655391,FTC_0a75189f6c65c9022615,pmc_oai,jats_xml,https://pmc.ncbi.nlm.nih.gov/api/oai/v1/mh/?verb=GetRecord&identifier=oai:pubmedcentral.nih.gov:12602423&metadataPrefix=pmc,2026-07-28T22:07:09Z,2026-07-28T22:07:12Z,failed,,,,,,,pmc-oai-reuse-eligible-record,publishedVersion,free_to_read_unknown_reuse,HTTPError: 403 Client Error: Forbidden for url: https://pmc.ncbi.nlm.nih.gov/api/oai/v1/mh/?verb=GetRecord&identifier=oai:pubmedcentral.nih.gov:12602423&metadataPrefix=pmc
FTATT_e8c6fc95564fddcfcd10,FTA_20260728T220416Z,doi:10.3389/fpls.2025.1655391,FTC_bee09e5d19a457f9d14a,europe_pmc,jats_xml,https://www.ebi.ac.uk/europepmc/webservices/rest/PMC12602423/fullTextXML,2026-07-28T22:07:12Z,2026-07-28T22:07:13Z,success,200,https://www.ebi.ac.uk/europepmc/webservices/rest/PMC12602423/fullTextXML,application/xml,194526,07dbc4603196587307969851f3fd725ab95b9478093850a433f867e8ea6bca63,data/raw/fulltext/doi_10.3389_fpls.2025.1655391/07dbc46031965873/source.xml,repository_record,publishedVersion,free_to_read_unknown_reuse,
FTATT_1421424c151e94903981,FTA_20260728T220416Z,doi:10.3389/fpls.2025.1655391,FTC_9cf8d4f182009f62dd3d,europe_pmc,pdf,https://europepmc.org/articles/PMC12602423?pdf=render,2026-07-28T22:07:13Z,2026-07-28T22:07:28Z,success,200,https://europepmc.org/api/getPdf?pmcid=PMC12602423,application/pdf,12209436,ee7ac3c4e5f1fa8f7d8419a8c901982b30475a48cdcad781a102e5aac21e1643,data/raw/fulltext/doi_10.3389_fpls.2025.1655391/ee7ac3c4e5f1fa8f/source.pdf,repository_record,publishedVersion,free_to_read_unknown_reuse,
FTATT_b32100967cd6280c4ecc,FTA_20260729T182651Z,doi:10.1016/j.plaphe.2025.100089,FTC_3dc765d981b73811d779,pmc_oai,jats_xml,https://pmc.ncbi.nlm.nih.gov/api/oai/v1/mh/?verb=GetRecord&identifier=oai:pubmedcentral.nih.gov:12710002&metadataPrefix=pmc,2026-07-29T18:27:00Z,2026-07-29T18:27:03Z,failed,,,,,,,pmc-oai-reuse-eligible-record,publishedVersion,free_to_read_unknown_reuse,HTTPError: 403 Client Error: Forbidden for url: https://pmc.ncbi.nlm.nih.gov/api/oai/v1/mh/?verb=GetRecord&identifier=oai:pubmedcentral.nih.gov:12710002&metadataPrefix=pmc
FTATT_3d207ce8ca6d5824344c,FTA_20260729T182651Z,doi:10.1016/j.plaphe.2025.100089,FTC_74e9578bfb1a250c5752,europe_pmc,jats_xml,https://www.ebi.ac.uk/europepmc/webservices/rest/PMC12710002/fullTextXML,2026-07-29T18:27:03Z,2026-07-29T18:27:04Z,success,200,https://www.ebi.ac.uk/europepmc/webservices/rest/PMC12710002/fullTextXML,application/xml,287609,3a2bf9972fb0860ba3c5b6a76335d395a425c1565e42429d07770f2d845cacb8,data/raw/fulltext/doi_10.1016_j.plaphe.2025.100089/3a2bf9972fb0860b/source.xml,repository_record,publishedVersion,free_to_read_unknown_reuse,
FTATT_aab77e999c4595c374e7,FTA_20260729T182651Z,doi:10.1016/j.plaphe.2025.100089,FTC_f0ba762d9d0ee26a5e9c,europe_pmc,pdf,https://europepmc.org/articles/PMC12710002?pdf=render,2026-07-29T18:27:04Z,2026-07-29T18:27:09Z,success,200,https://europepmc.org/api/getPdf?pmcid=PMC12710002,application/pdf,4602629,50661bf33dcaf0bf93604d24acd14556477886dc3729c7b7b3811f57d19cd495,data/raw/fulltext/doi_10.1016_j.plaphe.2025.100089/50661bf33dcaf0bf/source.pdf,repository_record,publishedVersion,free_to_read_unknown_reuse,
FTATT_7200ff0166b815dc4d4b,FTA_20260729T182651Z,doi:10.1088/1742-6596/2759/1/012012,FTC_87d056415b3d82037fb6,direct,pdf,https://iopscience.iop.org/article/10.1088/1742-6596/2759/1/012012/pdf,2026-07-29T18:27:25Z,2026-07-29T18:27:30Z,failed,,,,,,,,,free_to_read_unknown_reuse,ValueError: Artifact is neither a valid PDF nor well-formed XML
FTATT_0b2769e6fad841acfc0a,FTA_20260729T182651Z,doi:10.3390/rs16244720,FTC_3c4aa0a840833bbab323,direct,pdf,https://www.mdpi.com/2072-4292/16/24/4720/pdf?version=1734448305,2026-07-29T18:28:08Z,2026-07-29T18:28:10Z,failed,,,,,,,,,free_to_read_unknown_reuse,HTTPError: 403 Client Error: Forbidden for url: https://www.mdpi.com/2072-4292/16/24/4720/pdf?version=1734448305
FTATT_dbaa7a01d871b00eacaf,FTA_20260729T182651Z,doi:10.3390/rs16244720,FTC_31a83d54aeb2c00b1c72,crossref,pdf,https://www.mdpi.com/2072-4292/16/24/4720/pdf,2026-07-29T18:28:10Z,2026-07-29T18:28:13Z,failed,,,,,,,,vor,free_to_read_unknown_reuse,HTTPError: 403 Client Error: Forbidden for url: https://www.mdpi.com/2072-4292/16/24/4720/pdf
FTATT_8791ea6de5c0a02d150e,FTA_20260729T182651Z,doi:10.1016/j.atech.2026.102373,FTC_3f95f1156d45a235cc5e,crossref,xml,https://api.elsevier.com/content/article/PII:S2772375526005988?httpAccept=text/xml,2026-07-29T18:28:20Z,2026-07-29T18:28:21Z,success,200,https://api.elsevier.com/content/article/PII:S2772375526005988?httpAccept=text/xml,text/xml;charset=UTF-8,2003,e0c55a3da104b1b9251eb1a1ec8a83c44246a6aa48d7204d737d31232312fbb9,data/raw/fulltext/doi_10.1016_j.atech.2026.102373/e0c55a3da104b1b9/source.xml,,vor,free_to_read_unknown_reuse,
FTATT_5d125985007e5ab6e435,FTA_20260729T182651Z,doi:10.1016/j.atech.2026.102373,FTC_f44a461c5401e6953d37,direct,pdf,https://www.sciencedirect.com/science/article/pii/S2772375526005988/pdf,2026-07-29T18:28:21Z,2026-07-29T18:28:24Z,failed,,,,,,,,,free_to_read_unknown_reuse,HTTPError: 403 Client Error: Forbidden for url: https://www.sciencedirect.com/science/article/pii/S2772375526005988/pdf
FTATT_d3cdaa9d07155cbeeb88,FTA_20260729T182651Z,doi:10.35633/inmateh-78-50,FTC_ebed3b0065f15234a61c,direct,pdf,https://doi.org/10.35633/inmateh-78-50,2026-07-29T18:28:31Z,2026-07-29T18:28:33Z,success,200,https://api.inmateh.eu/public/uploads/78-50-N1839-Yang-RAN6f857b77-3ef7-4764-b3a6-5b639c78e342.pdf,application/pdf,1337116,9af7fa98da03da3f82537c529ea479c3c2cad34f5e4ffe43c80e121302d3d67e,data/raw/fulltext/doi_10.35633_inmateh-78-50/9af7fa98da03da3f/source.pdf,,,free_to_read_unknown_reuse,
FTATT_bf9e7f1a3bdb2171ef3f,FTA_20260729T182651Z,doi:10.1155/2022/2770706,FTC_063a05b8d875bba49e4e,crossref,xml,http://downloads.hindawi.com/journals/wcmc/2022/2770706.xml,2026-07-29T18:28:48Z,2026-07-29T18:28:51Z,failed,,,,,,,,vor,free_to_read_unknown_reuse,HTTPError: 403 Client Error: Forbidden for url: https://downloads.hindawi.com/journals/wcmc/2022/2770706.xml
FTATT_3a2fb538b9316ab9a093,FTA_20260729T182651Z,doi:10.1155/2022/2770706,FTC_34e230f557bf263193d5,direct,pdf,https://downloads.hindawi.com/journals/wcmc/2022/2770706.pdf,2026-07-29T18:28:51Z,2026-07-29T18:28:53Z,failed,,,,,,,,,free_to_read_unknown_reuse,HTTPError: 403 Client Error: Forbidden for url: https://downloads.hindawi.com/journals/wcmc/2022/2770706.pdf
FTATT_913adb4283198452cee3,FTA_20260729T182651Z,doi:10.1155/2022/2770706,FTC_1cece59061083ce46490,crossref,pdf,http://downloads.hindawi.com/journals/wcmc/2022/2770706.pdf,2026-07-29T18:28:53Z,2026-07-29T18:28:56Z,failed,,,,,,,,vor,free_to_read_unknown_reuse,HTTPError: 403 Client Error: Forbidden for url: https://downloads.hindawi.com/journals/wcmc/2022/2770706.pdf
FTATT_ae2598aadb8166245ed2,FTA_20260729T182651Z,doi:10.1155/2022/2770706,FTC_a659307eac03de6f3639,crossref,pdf,https://onlinelibrary.wiley.com/doi/pdf/10.1155/2022/2770706,2026-07-29T18:28:56Z,2026-07-29T18:29:03Z,failed,,,,,,,,vor,free_to_read_unknown_reuse,ValueError: Artifact is neither a valid PDF nor well-formed XML
FTATT_cfc01f62dc1b61a51901,FTA_20260729T182651Z,doi:10.1016/j.eswa.2023.122980,FTC_2220ff81d07a125fd171,semantic_scholar,pdf,https://doi.org/10.1016/j.eswa.2023.122980,2026-07-29T18:29:15Z,2026-07-29T18:29:18Z,failed,,,,,,,CCBY,,free_to_read_unknown_reuse,ValueError: Artifact is neither a valid PDF nor well-formed XML
FTATT_824753b363524c3055cf,FTA_20260729T182651Z,doi:10.3390/drones7100624,FTC_789d8a520f24eb6c34d6,direct,pdf,https://www.mdpi.com/2504-446X/7/10/624/pdf?version=1696745512,2026-07-29T18:29:21Z,2026-07-29T18:29:24Z,failed,,,,,,,,,free_to_read_unknown_reuse,HTTPError: 403 Client Error: Forbidden for url: https://www.mdpi.com/2504-446X/7/10/624/pdf?version=1696745512
FTATT_9d96fe6380e335d56acd,FTA_20260729T182651Z,doi:10.3390/drones7100624,FTC_7e577510ce88f1ec9f95,crossref,pdf,https://www.mdpi.com/2504-446X/7/10/624/pdf,2026-07-29T18:29:24Z,2026-07-29T18:29:27Z,failed,,,,,,,,vor,free_to_read_unknown_reuse,HTTPError: 403 Client Error: Forbidden for url: https://www.mdpi.com/2504-446X/7/10/624/pdf
FTATT_bf6aea8687f058b5d1b9,FTA_20260729T182651Z,doi:10.3390/su17125255,FTC_e441edf312ce92154707,direct,pdf,https://www.mdpi.com/2071-1050/17/12/5255/pdf?version=1749215383,2026-07-29T18:29:30Z,2026-07-29T18:29:32Z,failed,,,,,,,,,free_to_read_unknown_reuse,HTTPError: 403 Client Error: Forbidden for url: https://www.mdpi.com/2071-1050/17/12/5255/pdf?version=1749215383
FTATT_6146f90355ceee950154,FTA_20260729T182651Z,doi:10.3390/su17125255,FTC_90b136ba2afa8163a64a,crossref,pdf,https://www.mdpi.com/2071-1050/17/12/5255/pdf,2026-07-29T18:29:32Z,2026-07-29T18:29:35Z,failed,,,,,,,,vor,free_to_read_unknown_reuse,HTTPError: 403 Client Error: Forbidden for url: https://www.mdpi.com/2071-1050/17/12/5255/pdf
FTATT_84108f74a9875b42c69f,FTA_20260729T183300Z,doi:10.3390/s23010065,FTC_401cfbe49f6b5aa9db60,direct,pdf,https://www.mdpi.com/1424-8220/23/1/65/pdf?version=1671627704,2026-07-29T18:33:08Z,2026-07-29T18:33:10Z,failed,,,,,,,,,free_to_read_unknown_reuse,HTTPError: 403 Client Error: Forbidden for url: https://www.mdpi.com/1424-8220/23/1/65/pdf?version=1671627704
FTATT_b308a5bb24763457557e,FTA_20260729T183300Z,doi:10.3390/s23010065,FTC_50ffecf79d86bcdfb653,crossref,pdf,https://www.mdpi.com/1424-8220/23/1/65/pdf,2026-07-29T18:33:10Z,2026-07-29T18:33:13Z,failed,,,,,,,,vor,free_to_read_unknown_reuse,HTTPError: 403 Client Error: Forbidden for url: https://www.mdpi.com/1424-8220/23/1/65/pdf
FTATT_dd26345ecded54cef553,FTA_20260729T183300Z,doi:10.1016/j.ophoto.2024.100078,FTC_838fa221cb58254e5125,crossref,xml,https://api.elsevier.com/content/article/PII:S266739322400022X?httpAccept=text/xml,2026-07-29T18:33:23Z,2026-07-29T18:33:24Z,success,200,https://api.elsevier.com/content/article/PII:S266739322400022X?httpAccept=text/xml,text/xml;charset=UTF-8,2001,f605856f021bc4fc6d808029843f1355a8c34cf6e8ebfa938b29dab73e47ec0b,data/raw/fulltext/doi_10.1016_j.ophoto.2024.100078/f605856f021bc4fc/source.xml,,vor,free_to_read_unknown_reuse,
FTATT_d3e4b023427c045fa104,FTA_20260729T183300Z,doi:10.1002/aps3.11373,FTC_0c7b3979dca4c0e05a16,pmc_oai,jats_xml,https://pmc.ncbi.nlm.nih.gov/api/oai/v1/mh/?verb=GetRecord&identifier=oai:pubmedcentral.nih.gov:7394709&metadataPrefix=pmc,2026-07-29T18:33:32Z,2026-07-29T18:33:35Z,failed,,,,,,,pmc-oai-reuse-eligible-record,publishedVersion,free_to_read_unknown_reuse,HTTPError: 403 Client Error: Forbidden for url: https://pmc.ncbi.nlm.nih.gov/api/oai/v1/mh/?verb=GetRecord&identifier=oai:pubmedcentral.nih.gov:7394709&metadataPrefix=pmc
FTATT_b8f9bf3d8ae39a41241c,FTA_20260729T183300Z,doi:10.1002/aps3.11373,FTC_86dcc16bff7e56dc0394,europe_pmc,jats_xml,https://www.ebi.ac.uk/europepmc/webservices/rest/PMC7394709/fullTextXML,2026-07-29T18:33:35Z,2026-07-29T18:33:35Z,success,200,https://www.ebi.ac.uk/europepmc/webservices/rest/PMC7394709/fullTextXML,application/xml,90047,7a605c1d71aabf412b99c5177992c31dea82d15ce7c83b498e2c847ceb504368,data/raw/fulltext/doi_10.1002_aps3.11373/7a605c1d71aabf41/source.xml,repository_record,publishedVersion,free_to_read_unknown_reuse,
FTATT_dea679b19a8cd919a3aa,FTA_20260729T183300Z,doi:10.1002/aps3.11373,FTC_0ece8e418add7fff356a,europe_pmc,pdf,https://europepmc.org/articles/PMC7394709?pdf=render,2026-07-29T18:33:35Z,2026-07-29T18:33:37Z,success,200,https://europepmc.org/api/getPdf?pmcid=PMC7394709,application/pdf,1872390,c222d60d05f950c47160b439fd49527510abfe0a720e326debf93d11765b222a,data/raw/fulltext/doi_10.1002_aps3.11373/c222d60d05f950c4/source.pdf,repository_record,publishedVersion,free_to_read_unknown_reuse,
FTATT_cf2ec767468df727b346,FTA_20260729T183300Z,doi:10.1016/j.dib.2024.110821,FTC_9de5b5d328d9e6d2393f,crossref,xml,https://api.elsevier.com/content/article/PII:S2352340924007856?httpAccept=text/xml,2026-07-29T18:33:45Z,2026-07-29T18:33:45Z,success,200,https://api.elsevier.com/content/article/PII:S2352340924007856?httpAccept=text/xml,text/xml;charset=UTF-8,2030,9b281c3aa981d969586da3e211c09695e1b660f8331077196db174ef76d64b9a,data/raw/fulltext/doi_10.1016_j.dib.2024.110821/9b281c3aa981d969/source.xml,,vor,free_to_read_unknown_reuse,
FTATT_b9b5a4a1a7b3e10501db,FTA_20260729T183300Z,doi:10.1186/s13007-020-00573-w,FTC_147d1afc26eaf7bea04d,pmc_oai,jats_xml,https://pmc.ncbi.nlm.nih.gov/api/oai/v1/mh/?verb=GetRecord&identifier=oai:pubmedcentral.nih.gov:7057657&metadataPrefix=pmc,2026-07-29T18:34:05Z,2026-07-29T18:34:08Z,failed,,,,,,,pmc-oai-reuse-eligible-record,publishedVersion,free_to_read_unknown_reuse,HTTPError: 403 Client Error: Forbidden for url: https://pmc.ncbi.nlm.nih.gov/api/oai/v1/mh/?verb=GetRecord&identifier=oai:pubmedcentral.nih.gov:7057657&metadataPrefix=pmc
FTATT_db3a220b187ce07c6721,FTA_20260729T183300Z,doi:10.1186/s13007-020-00573-w,FTC_a43245292192e8e220f6,europe_pmc,jats_xml,https://www.ebi.ac.uk/europepmc/webservices/rest/PMC7057657/fullTextXML,2026-07-29T18:34:08Z,2026-07-29T18:34:08Z,success,200,https://www.ebi.ac.uk/europepmc/webservices/rest/PMC7057657/fullTextXML,application/xml,248276,47989cdf77b77585210dc2f62871adddf2664a93d9d906bdfe0c31f5a4de6015,data/raw/fulltext/doi_10.1186_s13007-020-00573-w/47989cdf77b77585/source.xml,repository_record,publishedVersion,free_to_read_unknown_reuse,
FTATT_bae76898619168bfb2f3,FTA_20260729T183300Z,doi:10.1186/s13007-020-00573-w,FTC_ba68eb2e106bf37f0c75,europe_pmc,pdf,https://europepmc.org/articles/PMC7057657?pdf=render,2026-07-29T18:34:08Z,2026-07-29T18:34:13Z,success,200,https://europepmc.org/api/getPdf?pmcid=PMC7057657,application/pdf,4310774,d6707b70f1b71741bc6e7bd881d79b2d71f2a7be48238f87b1dd21f5c8d5bb83,data/raw/fulltext/doi_10.1186_s13007-020-00573-w/d6707b70f1b71741/source.pdf,repository_record,publishedVersion,free_to_read_unknown_reuse,
FTATT_ca3193f3d29d97c245a4,FTA_20260729T183300Z,doi:10.1016/j.knosys.2024.112655,FTC_efa10861b40155f798fb,crossref,xml,https://api.elsevier.com/content/article/PII:S0950705124012899?httpAccept=text/xml,2026-07-29T18:34:20Z,2026-07-29T18:34:21Z,success,200,https://api.elsevier.com/content/article/PII:S0950705124012899?httpAccept=text/xml,text/xml;charset=UTF-8,1949,b1af728a36256f112c1aa21bdb7bc73a4916480930909a14de7c8eeefe326143,data/raw/fulltext/doi_10.1016_j.knosys.2024.112655/b1af728a36256f11/source.xml,,vor,free_to_read_unknown_reuse,
FTATT_ff59ac661aaee6584739,FTA_20260729T183300Z,doi:10.1016/j.knosys.2024.112655,FTC_7e09b9fc75e4cbc6fb82,semantic_scholar,pdf,https://doi.org/10.1016/j.knosys.2024.112655,2026-07-29T18:34:21Z,2026-07-29T18:34:24Z,failed,,,,,,,CCBY,,free_to_read_unknown_reuse,ValueError: Artifact is neither a valid PDF nor well-formed XML
FTATT_ec60d24393dbfeb2b560,FTA_20260729T183300Z,doi:10.48550/arxiv.2503.05568,FTC_be65558ba6e6a189166f,arxiv,pdf,https://arxiv.org/pdf/2503.05568,2026-07-29T18:34:39Z,2026-07-29T18:34:51Z,success,200,https://arxiv.org/pdf/2503.05568,application/pdf,39484560,1e7cd64c3272b257cc6690676d64df440cf0843e8c8afdb930460712d1f09d21,data/raw/fulltext/doi_10.48550_arxiv.2503.05568/1e7cd64c3272b257/source.pdf,arxiv-distribution,submittedVersion,free_to_read_unknown_reuse,
FTATT_e09d57b6f955457082fb,FTA_20260729T183300Z,doi:10.1371/journal.pone.0077151,FTC_6ea052173bd236e34dae,direct,pdf,https://journals.plos.org/plosone/article/file?id=10.1371/journal.pone.0077151&type=printable,2026-07-29T18:35:06Z,2026-07-29T18:35:08Z,success,200,https://journals.plos.org/plosone/article/file?id=10.1371/journal.pone.0077151&type=printable,application/pdf,4218271,538c0ca42202c852fc5ff4ea9e3cf4ab3a57684c73fd137e9a98d9e9c8297107,data/raw/fulltext/doi_10.1371_journal.pone.0077151/538c0ca42202c852/source.pdf,,,free_to_read_unknown_reuse,
FTATT_6784c3aaea23d57b1326,FTA_20260729T183300Z,doi:10.1016/j.dib.2020.105833,FTC_70ea998fa6c2975164f6,pmc_oai,jats_xml,https://pmc.ncbi.nlm.nih.gov/api/oai/v1/mh/?verb=GetRecord&identifier=oai:pubmedcentral.nih.gov:7305380&metadataPrefix=pmc,2026-07-29T18:35:16Z,2026-07-29T18:35:19Z,failed,,,,,,,pmc-oai-reuse-eligible-record,publishedVersion,free_to_read_unknown_reuse,HTTPError: 403 Client Error: Forbidden for url: https://pmc.ncbi.nlm.nih.gov/api/oai/v1/mh/?verb=GetRecord&identifier=oai:pubmedcentral.nih.gov:7305380&metadataPrefix=pmc
FTATT_8f5c2911f2a0832d2de7,FTA_20260729T183300Z,doi:10.1016/j.dib.2020.105833,FTC_9c883548adbfb6cd9f28,europe_pmc,jats_xml,https://www.ebi.ac.uk/europepmc/webservices/rest/PMC7305380/fullTextXML,2026-07-29T18:35:19Z,2026-07-29T18:35:19Z,success,200,https://www.ebi.ac.uk/europepmc/webservices/rest/PMC7305380/fullTextXML,application/xml,34537,4941835ea66da6d07e56ee4c2ebbeed4c8bd4c566d610ec86746f6d93eb6213f,data/raw/fulltext/doi_10.1016_j.dib.2020.105833/4941835ea66da6d0/source.xml,repository_record,publishedVersion,free_to_read_unknown_reuse,
FTATT_6376fc9763307fb58020,FTA_20260729T183300Z,doi:10.1016/j.dib.2020.105833,FTC_c3999acfed29fb4e2628,europe_pmc,pdf,https://europepmc.org/articles/PMC7305380?pdf=render,2026-07-29T18:35:19Z,2026-07-29T18:35:20Z,success,200,https://europepmc.org/api/getPdf?pmcid=PMC7305380,application/pdf,686983,e2b7e2d2a1dce934ab58036e9b78e3fa222954a03b8994b9951c85751e52af0a,data/raw/fulltext/doi_10.1016_j.dib.2020.105833/e2b7e2d2a1dce934/source.pdf,repository_record,publishedVersion,free_to_read_unknown_reuse,
FTATT_b06ad4d19f34f03b5702,FTA_20260729T183300Z,doi:10.1177/0278364917720510,FTC_0565e01422f859f12f10,crossref,jats_xml,https://journals.sagepub.com/doi/full-xml/10.1177/0278364917720510,2026-07-29T18:35:27Z,2026-07-29T18:35:30Z,success,200,https://journals.sagepub.com/doi/full-xml/10.1177/0278364917720510,application/xml;charset=UTF-8,51910,893710aa4ffcef9b984d44fe8c8b0cde4f4b5b6174c53acb705f1c3ee5987ae4,data/raw/fulltext/doi_10.1177_0278364917720510/893710aa4ffcef9b/source.xml,,vor,free_to_read_unknown_reuse,
FTATT_3766d80f8cb23a3417a2,FTA_20260729T183300Z,doi:10.1177/0278364917720510,FTC_abda9dc780a10e99137d,direct,pdf,https://journals.sagepub.com/doi/pdf/10.1177/0278364917720510,2026-07-29T18:35:30Z,2026-07-29T18:35:31Z,success,200,https://journals.sagepub.com/doi/pdf/10.1177/0278364917720510,application/pdf;charset=UTF-8,1700705,94b28c603aa484e3c6e78ed8fa7d0dcb3fb4294ab69ec3b257b0df85b4bb71d5,data/raw/fulltext/doi_10.1177_0278364917720510/94b28c603aa484e3/source.pdf,,,free_to_read_unknown_reuse,
FTATT_7c8e57edcd371bc4fdd7,FTA_20260729T183300Z,doi:10.3390/agronomy16050536,FTC_2f4ea63a281c3afe3cdf,crossref,pdf,https://www.mdpi.com/2073-4395/16/5/536/pdf,2026-07-29T18:35:39Z,2026-07-29T18:35:41Z,failed,,,,,,,,vor,free_to_read_unknown_reuse,HTTPError: 403 Client Error: Forbidden for url: https://www.mdpi.com/2073-4395/16/5/536/pdf
FTATT_5fa9137519d9fb838ae1,FTA_20260729T183300Z,doi:10.3390/agronomy16050536,FTC_1e7190547907b03c6b8c,direct,pdf,https://doi.org/10.3390/agronomy16050536,2026-07-29T18:35:41Z,2026-07-29T18:35:44Z,failed,,,,,,,,,free_to_read_unknown_reuse,HTTPError: 403 Client Error: Forbidden for url: https://www.mdpi.com/2073-4395/16/5/536
FTATT_29dbca30fadae44f59ae,FTA_20260729T183300Z,doi:10.18420/giljt2025_02,FTC_f6156f177de3d10db24f,arxiv,pdf,https://arxiv.org/pdf/2502.16950,2026-07-29T18:35:52Z,2026-07-29T18:35:52Z,success,200,https://arxiv.org/pdf/2502.16950,application/pdf,500077,14dc4a0ed5fc20009a3f1dd62c2cc2be74660f7b95d965dc47a6383a6c13dfd1,data/raw/fulltext/doi_10.18420_giljt2025_02/14dc4a0ed5fc2000/source.pdf,arxiv-distribution,submittedVersion,free_to_read_unknown_reuse,
FTATT_31332fe8a6f25504d33b,FTA_20260731T121706Z,doi:10.3390/electronics14204082,FTC_35b73718b0617444c57e,direct,pdf,https://www.mdpi.com/2079-9292/14/20/4082/pdf?version=1760691655,2026-07-31T12:17:07Z,2026-07-31T12:17:10Z,failed,,,,,,,,,free_to_read_unknown_reuse,HTTPError: 403 Client Error: Forbidden for url: https://www.mdpi.com/2079-9292/14/20/4082/pdf?version=1760691655
FTATT_2a1827f33a7a328165f5,FTA_20260731T121706Z,doi:10.3390/electronics14204082,FTC_8111d57f3ade4404ef9f,crossref,pdf,https://www.mdpi.com/2079-9292/14/20/4082/pdf,2026-07-31T12:17:10Z,2026-07-31T12:17:13Z,failed,,,,,,,,vor,free_to_read_unknown_reuse,HTTPError: 403 Client Error: Forbidden for url: https://www.mdpi.com/2079-9292/14/20/4082/pdf
FTATT_6a6fcf1f846867c260fc,FTA_20260731T121706Z,doi:10.3390/robotics15040081,FTC_4cf0044c192b6466ed15,crossref,pdf,https://www.mdpi.com/2218-6581/15/4/81/pdf,2026-07-31T12:17:20Z,2026-07-31T12:17:22Z,failed,,,,,,,,vor,free_to_read_unknown_reuse,HTTPError: 403 Client Error: Forbidden for url: https://www.mdpi.com/2218-6581/15/4/81/pdf
FTATT_50869e1eec02c802c3ff,FTA_20260731T121706Z,doi:10.1002/ps.70881,FTC_d0685ab291403a74dae6,crossref,xml,https://scijournals.onlinelibrary.wiley.com/doi/full-xml/10.1002/ps.70881,2026-07-31T12:17:29Z,2026-07-31T12:17:31Z,failed,,,,,,,,vor,unknown,HTTPError: 403 Client Error: Forbidden for url: https://scijournals.onlinelibrary.wiley.com/doi/full-xml/10.1002/ps.70881
FTATT_e154eff3f370c41e8136,FTA_20260731T121706Z,doi:10.1002/ps.70881,FTC_925e31ea37cfd5ff7e2d,crossref,pdf,https://scijournals.onlinelibrary.wiley.com/doi/pdf/10.1002/ps.70881,2026-07-31T12:17:31Z,2026-07-31T12:17:34Z,failed,,,,,,,,vor,unknown,HTTPError: 403 Client Error: Forbidden for url: https://scijournals.onlinelibrary.wiley.com/doi/pdf/10.1002/ps.70881
FTATT_b888b5c6bf79dbfa00f0,FTA_20260731T121706Z,doi:10.3389/fsufs.2026.1841305,FTC_fc94fa73833e058e7574,direct,pdf,https://doi.org/10.3389/fsufs.2026.1841305,2026-07-31T12:17:41Z,2026-07-31T12:17:46Z,failed,,,,,,,,,free_to_read_unknown_reuse,ValueError: Artifact is neither a valid PDF nor well-formed XML
FTATT_08a95f3125fd3466a129,FTA_20260731T121706Z,doi:10.3390/app16083745,FTC_f2981a38dbc82538209d,direct,pdf,https://www.mdpi.com/2076-3417/16/8/3745/pdf?version=1775830735,2026-07-31T12:17:53Z,2026-07-31T12:17:56Z,failed,,,,,,,,,free_to_read_unknown_reuse,HTTPError: 403 Client Error: Forbidden for url: https://www.mdpi.com/2076-3417/16/8/3745/pdf?version=1775830735
FTATT_ddb6de487aee5d7b6c7a,FTA_20260731T121706Z,doi:10.3390/app16083745,FTC_45d6c59d0c5cb47dfea9,crossref,pdf,https://www.mdpi.com/2076-3417/16/8/3745/pdf,2026-07-31T12:17:56Z,2026-07-31T12:17:59Z,failed,,,,,,,,vor,free_to_read_unknown_reuse,HTTPError: 403 Client Error: Forbidden for url: https://www.mdpi.com/2076-3417/16/8/3745/pdf
FTATT_9ac996922d8b334403d3,FTA_20260731T121706Z,doi:10.15625/vap.2026.0019,FTC_1f0d8cf1ef722a3ea0f8,crossref,pdf,https://vap.ac.vn/Portals/0/TuyenTap/2026/4/23/a20a1d3cd75c4ce6a3d5177da7de994a/II.19.112-116.pdf,2026-07-31T12:18:00Z,2026-07-31T12:18:09Z,success,200,https://vap.ac.vn/Portals/0/TuyenTap/2026/4/23/a20a1d3cd75c4ce6a3d5177da7de994a/II.19.112-116.pdf,application/pdf,695914,db34c445b2fee54a789775bab88b5f444c45167cfe0977cf922fb60bdfd35d96,data/raw/fulltext/doi_10.15625_vap.2026.0019/db34c445b2fee54a/source.pdf,,vor,unknown,
FTATT_76e18364dcd03419d854,FTA_20260731T121706Z,doi:10.1016/j.biosystemseng.2025.104147,FTC_81868e953dc23d1496be,crossref,xml,https://api.elsevier.com/content/article/PII:S1537511025000832?httpAccept=text/xml,2026-07-31T12:18:16Z,2026-07-31T12:18:25Z,success,200,https://api.elsevier.com/content/article/PII:S1537511025000832?httpAccept=text/xml,text/xml;charset=UTF-8,2041,5da03d29fac33c315cd4fe2188c8e255189dda03cf1421815aa7cec6e73f6e8b,data/raw/fulltext/doi_10.1016_j.biosystemseng.2025.104147/5da03d29fac33c31/source.xml,,vor,free_to_read_unknown_reuse,
FTATT_29fa8926c84221fc32f6,FTA_20260731T121706Z,doi:10.1016/j.biosystemseng.2025.104147,FTC_cbc88654072864d8f6d0,semantic_scholar,pdf,https://doi.org/10.1016/j.biosystemseng.2025.104147,2026-07-31T12:18:25Z,2026-07-31T12:18:28Z,failed,,,,,,,CCBY,,free_to_read_unknown_reuse,ValueError: Artifact is neither a valid PDF nor well-formed XML
FTATT_d329ce6d8b7e00074d8c,FTA_20260731T121706Z,doi:10.47852/bonviewaia62028867,FTC_057468b7d66ea2224687,crossref,pdf,https://ojs.bonviewpress.com/index.php/AIA/article/download/8867/1982,2026-07-31T12:18:36Z,2026-07-31T12:18:39Z,success,200,https://ojs.bonviewpress.com/index.php/AIA/article/download/8867/1982,application/pdf,2029560,709fe535d7fe447787fe997834b016d6396a34eddfa260af621cf8b546386652,data/raw/fulltext/doi_10.47852_bonviewaia62028867/709fe535d7fe4477/source.pdf,,vor,free_to_read_unknown_reuse,
FTATT_10132da060632b274f48,FTA_20260731T121706Z,doi:10.3389/fpls.2026.1874446,FTC_60d062da741d857e1318,direct,pdf,https://www.frontiersin.org/journals/plant-science/articles/10.3389/fpls.2026.1874446/pdf,2026-07-31T12:18:46Z,2026-07-31T12:18:48Z,success,200,https://www.frontiersin.org/journals/plant-science/articles/10.3389/fpls.2026.1874446/pdf,application/pdf,2561459,5cd0290e44a8e24cb533288841b84cef24ea0ebd998ec7685b08909f7e3f2431,data/raw/fulltext/doi_10.3389_fpls.2026.1874446/5cd0290e44a8e24c/source.pdf,,,free_to_read_unknown_reuse,
FTATT_1ac1137d40dbab93a78e,FTA_20260731T121706Z,doi:10.3390/agronomy15081954,FTC_c596a548aa08af502426,direct,pdf,https://www.mdpi.com/2073-4395/15/8/1954/pdf?version=1755087461,2026-07-31T12:18:56Z,2026-07-31T12:18:58Z,failed,,,,,,,,,free_to_read_unknown_reuse,HTTPError: 403 Client Error: Forbidden for url: https://www.mdpi.com/2073-4395/15/8/1954/pdf?version=1755087461
FTATT_104b1f5c0c7c3bccbfbe,FTA_20260731T121706Z,doi:10.3390/agronomy15081954,FTC_e84475d667e1ba83aec3,crossref,pdf,https://www.mdpi.com/2073-4395/15/8/1954/pdf,2026-07-31T12:18:58Z,2026-07-31T12:19:01Z,failed,,,,,,,,vor,free_to_read_unknown_reuse,HTTPError: 403 Client Error: Forbidden for url: https://www.mdpi.com/2073-4395/15/8/1954/pdf
FTATT_3ba951f6427f4055b76f,FTA_20260731T121706Z,doi:10.3389/fpls.2024.1356260,FTC_f2e35fd090b1a10152f9,pmc_oai,jats_xml,https://pmc.ncbi.nlm.nih.gov/api/oai/v1/mh/?verb=GetRecord&identifier=oai:pubmedcentral.nih.gov:10965613&metadataPrefix=pmc,2026-07-31T12:19:16Z,2026-07-31T12:19:19Z,failed,,,,,,,pmc-oai-reuse-eligible-record,publishedVersion,free_to_read_unknown_reuse,HTTPError: 403 Client Error: Forbidden for url: https://pmc.ncbi.nlm.nih.gov/api/oai/v1/mh/?verb=GetRecord&identifier=oai:pubmedcentral.nih.gov:10965613&metadataPrefix=pmc
FTATT_b99becea3306d9ecb515,FTA_20260731T121706Z,doi:10.3389/fpls.2024.1356260,FTC_c75f2a3b6b513a35150c,europe_pmc,jats_xml,https://www.ebi.ac.uk/europepmc/webservices/rest/PMC10965613/fullTextXML,2026-07-31T12:19:19Z,2026-07-31T12:19:19Z,success,200,https://www.ebi.ac.uk/europepmc/webservices/rest/PMC10965613/fullTextXML,application/xml,232028,9f2699f378bcc5d3f4a4fa0b8fcd3c7902b2cca2e4bf1bd3d69dc455643bde30,data/raw/fulltext/doi_10.3389_fpls.2024.1356260/9f2699f378bcc5d3/source.xml,repository_record,publishedVersion,free_to_read_unknown_reuse,
FTATT_538839df8a56a6c33d8c,FTA_20260731T121706Z,doi:10.3389/fpls.2024.1356260,FTC_bfb7eea2421e4ca0eea4,europe_pmc,pdf,https://europepmc.org/articles/PMC10965613?pdf=render,2026-07-31T12:19:19Z,2026-07-31T12:19:24Z,success,200,https://europepmc.org/api/getPdf?pmcid=PMC10965613,application/pdf,4023691,664b33f09cf01a074683998e030caabd9713c88079bdd8fdd87975da87747942,data/raw/fulltext/doi_10.3389_fpls.2024.1356260/664b33f09cf01a07/source.pdf,repository_record,publishedVersion,free_to_read_unknown_reuse,
FTATT_c71cbfcb53a09768a5ef,FTA_20260731T121706Z,doi:10.1371/journal.pone.0256340,FTC_deae804787d5a0fe7189,pmc_oai,jats_xml,https://pmc.ncbi.nlm.nih.gov/api/oai/v1/mh/?verb=GetRecord&identifier=oai:pubmedcentral.nih.gov:8372960&metadataPrefix=pmc,2026-07-31T12:19:32Z,2026-07-31T12:19:35Z,failed,,,,,,,pmc-oai-reuse-eligible-record,publishedVersion,free_to_read_unknown_reuse,HTTPError: 403 Client Error: Forbidden for url: https://pmc.ncbi.nlm.nih.gov/api/oai/v1/mh/?verb=GetRecord&identifier=oai:pubmedcentral.nih.gov:8372960&metadataPrefix=pmc
FTATT_ff779419791a19f0cc0a,FTA_20260731T121706Z,doi:10.1371/journal.pone.0256340,FTC_8e56d6d9567e52913146,europe_pmc,jats_xml,https://www.ebi.ac.uk/europepmc/webservices/rest/PMC8372960/fullTextXML,2026-07-31T12:19:35Z,2026-07-31T12:19:35Z,success,200,https://www.ebi.ac.uk/europepmc/webservices/rest/PMC8372960/fullTextXML,application/xml,118178,2805675febe36529d35f2a1ce8f2a2da834c57afab207545002234ce55a814c0,data/raw/fulltext/doi_10.1371_journal.pone.0256340/2805675febe36529/source.xml,repository_record,publishedVersion,free_to_read_unknown_reuse,
FTATT_314cd1fb28fb9a4a0daa,FTA_20260731T121706Z,doi:10.1371/journal.pone.0256340,FTC_74acfab875750663d513,europe_pmc,pdf,https://europepmc.org/articles/PMC8372960?pdf=render,2026-07-31T12:19:35Z,2026-07-31T12:19:38Z,success,200,https://europepmc.org/api/getPdf?pmcid=PMC8372960,application/pdf,2006098,f5df4bd0e65a1aab2eda3fe8a78ac8ee66778ed6128d23369cdd9ea1b60ecc78,data/raw/fulltext/doi_10.1371_journal.pone.0256340/f5df4bd0e65a1aab/source.pdf,repository_record,publishedVersion,free_to_read_unknown_reuse,
FTATT_26778fed4559d7fb68ff,FTA_20260731T121706Z,doi:10.1109/jstars.2024.3437469,FTC_08abb647dca530fbd436,semantic_scholar,pdf,https://doi.org/10.1109/jstars.2024.3437469,2026-07-31T12:19:45Z,2026-07-31T12:19:47Z,failed,,,,,,,,,free_to_read_unknown_reuse,ValueError: Artifact is empty
FTATT_5b94ff1de5dcda9d585d,FTA_20260731T121706Z,doi:10.1016/j.ecoinf.2024.102546,FTC_ff7bb7397bf90669d7da,crossref,xml,https://api.elsevier.com/content/article/PII:S1574954124000888?httpAccept=text/xml,2026-07-31T12:19:55Z,2026-07-31T12:19:56Z,success,200,https://api.elsevier.com/content/article/PII:S1574954124000888?httpAccept=text/xml,text/xml;charset=UTF-8,1978,bae8dd96bff16b7fd8df8bdc96cbedf1cc2fa3c044035d125d4f1b4de5e20c71,data/raw/fulltext/doi_10.1016_j.ecoinf.2024.102546/bae8dd96bff16b7f/source.xml,,vor,free_to_read_unknown_reuse,
FTATT_2b1478c1b9e2f81c167d,FTA_20260731T121706Z,doi:10.1016/j.ecoinf.2024.102546,FTC_bea9f8ea7a950a6ee6c8,direct,pdf,https://doi.org/10.1016/j.ecoinf.2024.102546,2026-07-31T12:19:56Z,2026-07-31T12:19:59Z,failed,,,,,,,,,free_to_read_unknown_reuse,ValueError: Artifact is neither a valid PDF nor well-formed XML
FTATT_bcb33cf10f7309843e64,FTA_20260731T121706Z,doi:10.3390/rs16234394,FTC_ba6f6d8cc0e52d353836,crossref,pdf,https://www.mdpi.com/2072-4292/16/23/4394/pdf,2026-07-31T12:20:06Z,2026-07-31T12:20:09Z,failed,,,,,,,,vor,free_to_read_unknown_reuse,HTTPError: 403 Client Error: Forbidden for url: https://www.mdpi.com/2072-4292/16/23/4394/pdf
FTATT_39231584c784f74d9506,FTA_20260731T121706Z,doi:10.3390/rs16234394,FTC_37fcb7966a4b82767ebd,direct,pdf,https://doi.org/10.3390/rs16234394,2026-07-31T12:20:09Z,2026-07-31T12:20:11Z,failed,,,,,,,,,free_to_read_unknown_reuse,HTTPError: 403 Client Error: Forbidden for url: https://www.mdpi.com/2072-4292/16/23/4394
FTATT_d2761eb28d480bc88637,FTA_20260731T121706Z,doi:10.3390/agriculture16020215,FTC_e5fcd52a5cdb2d4770ee,direct,pdf,https://www.mdpi.com/2077-0472/16/2/215/pdf?version=1768469170,2026-07-31T12:20:19Z,2026-07-31T12:20:22Z,failed,,,,,,,,,free_to_read_unknown_reuse,HTTPError: 403 Client Error: Forbidden for url: https://www.mdpi.com/2077-0472/16/2/215/pdf?version=1768469170
FTATT_c6b0a4fdd896672475ef,FTA_20260731T121706Z,doi:10.3390/agriculture16020215,FTC_af9e536b12531f6f1617,crossref,pdf,https://www.mdpi.com/2077-0472/16/2/215/pdf,2026-07-31T12:20:22Z,2026-07-31T12:20:24Z,failed,,,,,,,,vor,free_to_read_unknown_reuse,HTTPError: 403 Client Error: Forbidden for url: https://www.mdpi.com/2077-0472/16/2/215/pdf
FTATT_a1463d576377ea652265,FTA_20260803T005806Z,doi:10.1002/rob.21877,FTC_aa6a8be5c2e2e17d871f,crossref,xml,https://onlinelibrary.wiley.com/doi/full-xml/10.1002/rob.21877,2026-08-03T00:58:15Z,2026-08-03T00:58:17Z,failed,,,,,,,,vor,unknown,HTTPError: 403 Client Error: Forbidden for url: https://onlinelibrary.wiley.com/doi/full-xml/10.1002/rob.21877
FTATT_7336a5032447a24c6675,FTA_20260803T005806Z,doi:10.1002/rob.21877,FTC_d5f5cc367311f4165d98,crossref,pdf,https://onlinelibrary.wiley.com/doi/pdf/10.1002/rob.21877,2026-08-03T00:58:17Z,2026-08-03T00:58:19Z,failed,,,,,,,,vor,unknown,HTTPError: 403 Client Error: Forbidden for url: https://onlinelibrary.wiley.com/doi/pdf/10.1002/rob.21877
FTATT_75dd10a1989b5bf6fa0b,FTA_20260803T005806Z,doi:10.1109/iros47612.2022.9981304,FTC_7981c598830662c16135,arxiv,pdf,https://arxiv.org/pdf/2307.12588,2026-08-03T00:58:20Z,2026-08-03T00:58:24Z,success,200,https://arxiv.org/pdf/2307.12588,application/pdf,6095850,83cfe9ce05996d3b6bc1c2f09621063f23f81e77de7068f68db06294fb4465a1,data/raw/fulltext/doi_10.1109_iros47612.2022.9981304/83cfe9ce05996d3b/source.pdf,arxiv-distribution,submittedVersion,free_to_read_unknown_reuse,
FTATT_086049ecb959872a228e,FTA_20260803T005806Z,doi:10.3390/s17092007,FTC_7a07a0573a175d126da8,direct,pdf,https://www.mdpi.com/1424-8220/17/9/2007/pdf?version=1504580114,2026-08-03T00:58:30Z,2026-08-03T00:58:33Z,failed,,,,,,,,,free_to_read_unknown_reuse,HTTPError: 403 Client Error: Forbidden for url: https://www.mdpi.com/1424-8220/17/9/2007/pdf?version=1504580114
FTATT_2f3bffe200a6aac817e4,FTA_20260803T005806Z,doi:10.3390/s17092007,FTC_2dcb910808e1165dc0da,crossref,pdf,https://www.mdpi.com/1424-8220/17/9/2007/pdf,2026-08-03T00:58:33Z,2026-08-03T00:58:35Z,failed,,,,,,,,vor,free_to_read_unknown_reuse,HTTPError: 403 Client Error: Forbidden for url: https://www.mdpi.com/1424-8220/17/9/2007/pdf
FTATT_e13bf0a10eda2b4bde20,FTA_20260803T005806Z,doi:10.1186/s13007-025-01334-3,FTC_84cd234ce4cce73c40ed,pmc_oai,jats_xml,https://pmc.ncbi.nlm.nih.gov/api/oai/v1/mh/?verb=GetRecord&identifier=oai:pubmedcentral.nih.gov:11817399&metadataPrefix=pmc,2026-08-03T00:58:43Z,2026-08-03T00:58:46Z,failed,,,,,,,pmc-oai-reuse-eligible-record,publishedVersion,free_to_read_unknown_reuse,HTTPError: 403 Client Error: Forbidden for url: https://pmc.ncbi.nlm.nih.gov/api/oai/v1/mh/?verb=GetRecord&identifier=oai:pubmedcentral.nih.gov:11817399&metadataPrefix=pmc
FTATT_276bea2ddbc9f5885f40,FTA_20260803T005806Z,doi:10.1186/s13007-025-01334-3,FTC_cad996ad48fbdec4295a,europe_pmc,jats_xml,https://www.ebi.ac.uk/europepmc/webservices/rest/PMC11817399/fullTextXML,2026-08-03T00:58:46Z,2026-08-03T00:58:46Z,success,200,https://www.ebi.ac.uk/europepmc/webservices/rest/PMC11817399/fullTextXML,application/xml,209175,4133e6c9dc51dafe25eef95af9a19e6aece15a718e66446d120ac5db899126f7,data/raw/fulltext/doi_10.1186_s13007-025-01334-3/4133e6c9dc51dafe/source.xml,repository_record,publishedVersion,free_to_read_unknown_reuse,
FTATT_f8259d9a026d0c969720,FTA_20260803T005806Z,doi:10.1186/s13007-025-01334-3,FTC_f5f5ee4d77446baba275,europe_pmc,pdf,https://europepmc.org/articles/PMC11817399?pdf=render,2026-08-03T00:58:46Z,2026-08-03T00:59:21Z,success,200,https://europepmc.org/api/getPdf?pmcid=PMC11817399,application/pdf,1467707,25e6a64e5ad4bdb1f6e74091f2983a75d64278432281fefbcf09602cb0420a68,data/raw/fulltext/doi_10.1186_s13007-025-01334-3/25e6a64e5ad4bdb1/source.pdf,repository_record,publishedVersion,free_to_read_unknown_reuse,
FTATT_5f2c72c2d7281c3c7d0b,FTA_20260803T005806Z,doi:10.34133/plantphenomics.0080,FTC_7aef2340ffd394fa05e5,pmc_oai,jats_xml,https://pmc.ncbi.nlm.nih.gov/api/oai/v1/mh/?verb=GetRecord&identifier=oai:pubmedcentral.nih.gov:10395505&metadataPrefix=pmc,2026-08-03T00:59:24Z,2026-08-03T00:59:27Z,failed,,,,,,,pmc-oai-reuse-eligible-record,publishedVersion,free_to_read_unknown_reuse,HTTPError: 403 Client Error: Forbidden for url: https://pmc.ncbi.nlm.nih.gov/api/oai/v1/mh/?verb=GetRecord&identifier=oai:pubmedcentral.nih.gov:10395505&metadataPrefix=pmc
FTATT_ef18c6b55190008c01fb,FTA_20260803T005806Z,doi:10.34133/plantphenomics.0080,FTC_83f847fb26a8dac87030,europe_pmc,jats_xml,https://www.ebi.ac.uk/europepmc/webservices/rest/PMC10395505/fullTextXML,2026-08-03T00:59:27Z,2026-08-03T00:59:28Z,success,200,https://www.ebi.ac.uk/europepmc/webservices/rest/PMC10395505/fullTextXML,application/xml,139696,15856a532bad65e3e5c234499bfd11eacc39e1d68a5c05c8062e3bc60bc4e977,data/raw/fulltext/doi_10.34133_plantphenomics.0080/15856a532bad65e3/source.xml,repository_record,publishedVersion,free_to_read_unknown_reuse,
FTATT_2ba9501c0dc3280ba05e,FTA_20260803T005806Z,doi:10.34133/plantphenomics.0080,FTC_8698f54fdc3f3cc6b51a,europe_pmc,pdf,https://europepmc.org/articles/PMC10395505?pdf=render,2026-08-03T00:59:28Z,2026-08-03T00:59:45Z,success,200,https://europepmc.org/api/getPdf?pmcid=PMC10395505,application/pdf,5476978,59f16e202122df4138aa78f57aaba7c9ce4587ce39a981690ed3905bec0d71c5,data/raw/fulltext/doi_10.34133_plantphenomics.0080/59f16e202122df41/source.pdf,repository_record,publishedVersion,free_to_read_unknown_reuse,
FTATT_9db880297149aa82711f,FTA_20260803T005806Z,doi:10.3390/su17125255,FTC_e441edf312ce92154707,direct,pdf,https://www.mdpi.com/2071-1050/17/12/5255/pdf?version=1749215383,2026-08-03T00:59:45Z,2026-08-03T00:59:48Z,failed,,,,,,,,,free_to_read_unknown_reuse,HTTPError: 403 Client Error: Forbidden for url: https://www.mdpi.com/2071-1050/17/12/5255/pdf?version=1749215383
FTATT_8b1df3b40a668818c7c6,FTA_20260803T005806Z,doi:10.3390/su17125255,FTC_90b136ba2afa8163a64a,crossref,pdf,https://www.mdpi.com/2071-1050/17/12/5255/pdf,2026-08-03T00:59:48Z,2026-08-03T00:59:50Z,failed,,,,,,,,vor,free_to_read_unknown_reuse,HTTPError: 403 Client Error: Forbidden for url: https://www.mdpi.com/2071-1050/17/12/5255/pdf
FTATT_80265849843a9353896a,FTA_20260803T005806Z,doi:10.3390/plants15121912,FTC_fe2deff338f179f14fa1,pmc_oai,jats_xml,https://pmc.ncbi.nlm.nih.gov/api/oai/v1/mh/?verb=GetRecord&identifier=oai:pubmedcentral.nih.gov:13306788&metadataPrefix=pmc,2026-08-03T00:59:54Z,2026-08-03T00:59:57Z,failed,,,,,,,pmc-oai-reuse-eligible-record,publishedVersion,free_to_read_unknown_reuse,HTTPError: 403 Client Error: Forbidden for url: https://pmc.ncbi.nlm.nih.gov/api/oai/v1/mh/?verb=GetRecord&identifier=oai:pubmedcentral.nih.gov:13306788&metadataPrefix=pmc
FTATT_7fb93c03868fd0455141,FTA_20260803T005806Z,doi:10.3390/plants15121912,FTC_98c43a8b9b855c3356d8,europe_pmc,jats_xml,https://www.ebi.ac.uk/europepmc/webservices/rest/PMC13306788/fullTextXML,2026-08-03T00:59:57Z,2026-08-03T00:59:59Z,failed,,,,,,,repository_record,publishedVersion,free_to_read_unknown_reuse,HTTPError: 404 Client Error: Not Found for url: https://www.ebi.ac.uk/europepmc/webservices/rest/PMC13306788/fullTextXML
FTATT_b05aeca5fb78f711f8b9,FTA_20260803T005806Z,doi:10.3390/plants15121912,FTC_e631863f7ec79db31ed8,europe_pmc,pdf,https://europepmc.org/articles/PMC13306788?pdf=render,2026-08-03T00:59:59Z,2026-08-03T01:02:30Z,failed,,,,,,,repository_record,publishedVersion,free_to_read_unknown_reuse,HTTPError: 500 Server Error:  for url: https://europepmc.org/api/getPdf?pmcid=PMC13306788
FTATT_e51415cf78385f4c914e,FTA_20260803T005806Z,doi:10.3390/plants15121912,FTC_a74ebcd334eff51a9e7d,direct,pdf,https://www.mdpi.com/2223-7747/15/12/1912/pdf?version=1781948466,2026-08-03T01:02:30Z,2026-08-03T01:02:32Z,failed,,,,,,,,,free_to_read_unknown_reuse,HTTPError: 403 Client Error: Forbidden for url: https://www.mdpi.com/2223-7747/15/12/1912/pdf?version=1781948466
FTATT_4e93d40613ef1d665ccd,FTA_20260803T005806Z,doi:10.3390/plants15121912,FTC_0832c4ec7ad00c0bc98b,crossref,pdf,https://www.mdpi.com/2223-7747/15/12/1912/pdf,2026-08-03T01:02:32Z,2026-08-03T01:02:35Z,failed,,,,,,,,vor,free_to_read_unknown_reuse,HTTPError: 403 Client Error: Forbidden for url: https://www.mdpi.com/2223-7747/15/12/1912/pdf
FTATT_d48dbd57fcecca9d0c53,FTA_20260803T005806Z,doi:10.1016/j.compag.2022.107091,FTC_0e3f60682097d7d9f193,crossref,xml,https://api.elsevier.com/content/article/PII:S0168169922004082?httpAccept=text/xml,2026-08-03T01:02:39Z,2026-08-03T01:02:39Z,success,200,https://api.elsevier.com/content/article/PII:S0168169922004082?httpAccept=text/xml,text/xml;charset=UTF-8,1895,149c0e2c2ccda7639e14bce065c59cac9b24449fc39d5fe60550b5feb4b61bf2,data/raw/fulltext/doi_10.1016_j.compag.2022.107091/149c0e2c2ccda763/source.xml,,vor,free_to_read_unknown_reuse,
FTATT_5f8f0874a9e63f1eb9cb,FTA_20260803T005806Z,doi:10.1016/j.compag.2022.107091,FTC_54a70b1110525774e2a3,arxiv,pdf,https://arxiv.org/pdf/2110.04960,2026-08-03T01:02:39Z,2026-08-03T01:02:41Z,success,200,https://arxiv.org/pdf/2110.04960,application/pdf,2646309,9da8e09e8e2eef427d99bade20f85977a60d0e2a833c6e6c147427827d8fa707,data/raw/fulltext/doi_10.1016_j.compag.2022.107091/9da8e09e8e2eef42/source.pdf,arxiv-distribution,submittedVersion,free_to_read_unknown_reuse,
FTATT_e63c3689bb5cbb536150,FTA_20260803T005806Z,doi:10.1080/10106049.2024.2440407,FTC_eba2e60cc6d013b558f7,direct,pdf,https://www.tandfonline.com/doi/pdf/10.1080/10106049.2024.2440407?needAccess=true,2026-08-03T01:02:42Z,2026-08-03T01:02:44Z,failed,,,,,,,,,free_to_read_unknown_reuse,HTTPError: 403 Client Error: Forbidden for url: https://www.tandfonline.com/doi/pdf/10.1080/10106049.2024.2440407?needAccess=true
FTATT_3d5ca3cea178fed8150e,FTA_20260803T005806Z,doi:10.1080/10106049.2024.2440407,FTC_e4918937f826161c087c,crossref,pdf,https://www.tandfonline.com/doi/pdf/10.1080/10106049.2024.2440407,2026-08-03T01:02:44Z,2026-08-03T01:02:47Z,failed,,,,,,,,vor,free_to_read_unknown_reuse,HTTPError: 403 Client Error: Forbidden for url: https://www.tandfonline.com/doi/pdf/10.1080/10106049.2024.2440407
FTATT_d9389dd7412568295705,FTA_20260803T005806Z,doi:10.1016/j.jksuci.2023.03.023,FTC_30fa41fb0e364117c67f,crossref,xml,https://api.elsevier.com/content/article/PII:S1319157823000915?httpAccept=text/xml,2026-08-03T01:02:55Z,2026-08-03T01:02:55Z,success,200,https://api.elsevier.com/content/article/PII:S1319157823000915?httpAccept=text/xml,text/xml;charset=UTF-8,1999,ea799ed5265dedaf688999bed33cbcef6ab86fdf0ebc06bbd5e67813cd75c2c3,data/raw/fulltext/doi_10.1016_j.jksuci.2023.03.023/ea799ed5265dedaf/source.xml,,vor,free_to_read_unknown_reuse,
FTATT_d7308099c87d7b157892,FTA_20260803T005806Z,doi:10.1016/j.jksuci.2023.03.023,FTC_2710388cfb7fe27c390a,semantic_scholar,pdf,https://doi.org/10.1016/j.jksuci.2023.03.023,2026-08-03T01:02:55Z,2026-08-03T01:02:58Z,failed,,,,,,,CCBYNCND,,free_to_read_unknown_reuse,ValueError: Artifact is neither a valid PDF nor well-formed XML
FTATT_53d03675c57a15c8399f,FTA_20260803T005806Z,doi:10.3389/fpls.2020.00751,FTC_55e91d3ff367325a2214,pmc_oai,jats_xml,https://pmc.ncbi.nlm.nih.gov/api/oai/v1/mh/?verb=GetRecord&identifier=oai:pubmedcentral.nih.gov:7285655&metadataPrefix=pmc,2026-08-03T01:02:59Z,2026-08-03T01:03:02Z,failed,,,,,,,pmc-oai-reuse-eligible-record,publishedVersion,free_to_read_unknown_reuse,HTTPError: 403 Client Error: Forbidden for url: https://pmc.ncbi.nlm.nih.gov/api/oai/v1/mh/?verb=GetRecord&identifier=oai:pubmedcentral.nih.gov:7285655&metadataPrefix=pmc
FTATT_71244744e8eaabef2bc5,FTA_20260803T005806Z,doi:10.3389/fpls.2020.00751,FTC_adfb702b892b121dd21f,europe_pmc,jats_xml,https://www.ebi.ac.uk/europepmc/webservices/rest/PMC7285655/fullTextXML,2026-08-03T01:03:02Z,2026-08-03T01:03:02Z,success,200,https://www.ebi.ac.uk/europepmc/webservices/rest/PMC7285655/fullTextXML,application/xml,112843,c6c898b1ec56965f27ff1274e98c3a6d5d6648cd69ae993eaca1afba32b16793,data/raw/fulltext/doi_10.3389_fpls.2020.00751/c6c898b1ec56965f/source.xml,repository_record,publishedVersion,free_to_read_unknown_reuse,
FTATT_94fa9c8e9bf873a530a2,FTA_20260803T005806Z,doi:10.3389/fpls.2020.00751,FTC_4a05a336dccf435a7a3c,europe_pmc,pdf,https://europepmc.org/articles/PMC7285655?pdf=render,2026-08-03T01:03:02Z,2026-08-03T01:03:33Z,success,200,https://europepmc.org/api/getPdf?pmcid=PMC7285655,application/pdf,5848581,330841a67d1726f38eb008bbf1a66138f509f854f44a6956050cd8842c1f4621,data/raw/fulltext/doi_10.3389_fpls.2020.00751/330841a67d1726f3/source.pdf,repository_record,publishedVersion,free_to_read_unknown_reuse,
FTATT_555a190508594e42e715,FTA_20260803T005806Z,doi:10.3390/app10207132,FTC_f0b5021996fc881c2f77,direct,pdf,https://www.mdpi.com/2076-3417/10/20/7132/pdf?version=1603247953,2026-08-03T01:03:42Z,2026-08-03T01:03:44Z,failed,,,,,,,,,free_to_read_unknown_reuse,HTTPError: 403 Client Error: Forbidden for url: https://www.mdpi.com/2076-3417/10/20/7132/pdf?version=1603247953
FTATT_e5857e2e7f5b76990041,FTA_20260803T005806Z,doi:10.3390/app10207132,FTC_321bfd7c4a9ae83a8a85,crossref,pdf,https://www.mdpi.com/2076-3417/10/20/7132/pdf,2026-08-03T01:03:44Z,2026-08-03T01:03:47Z,failed,,,,,,,,vor,free_to_read_unknown_reuse,HTTPError: 403 Client Error: Forbidden for url: https://www.mdpi.com/2076-3417/10/20/7132/pdf
FTATT_64d301ca73e435ad7859,FTA_20260803T005806Z,doi:10.3389/fpls.2024.1439086,FTC_bd5f605a6c9041ac5213,pmc_oai,jats_xml,https://pmc.ncbi.nlm.nih.gov/api/oai/v1/mh/?verb=GetRecord&identifier=oai:pubmedcentral.nih.gov:11540658&metadataPrefix=pmc,2026-08-03T01:03:54Z,2026-08-03T01:03:57Z,failed,,,,,,,pmc-oai-reuse-eligible-record,publishedVersion,free_to_read_unknown_reuse,HTTPError: 403 Client Error: Forbidden for url: https://pmc.ncbi.nlm.nih.gov/api/oai/v1/mh/?verb=GetRecord&identifier=oai:pubmedcentral.nih.gov:11540658&metadataPrefix=pmc
FTATT_4bb5532701d3943db809,FTA_20260803T005806Z,doi:10.3389/fpls.2024.1439086,FTC_2e35dbb0d35a0cc7b906,europe_pmc,jats_xml,https://www.ebi.ac.uk/europepmc/webservices/rest/PMC11540658/fullTextXML,2026-08-03T01:03:57Z,2026-08-03T01:03:58Z,success,200,https://www.ebi.ac.uk/europepmc/webservices/rest/PMC11540658/fullTextXML,application/xml,80013,b3cab7807b4df3c6d72919504ab91a9dc1f92ffd8a1bb06de7ac2fac2afea7ac,data/raw/fulltext/doi_10.3389_fpls.2024.1439086/b3cab7807b4df3c6/source.xml,repository_record,publishedVersion,free_to_read_unknown_reuse,
FTATT_c71c5dabca34e1876a3a,FTA_20260803T005806Z,doi:10.3389/fpls.2024.1439086,FTC_5aac09b14ab841bc125c,europe_pmc,pdf,https://europepmc.org/articles/PMC11540658?pdf=render,2026-08-03T01:03:58Z,2026-08-03T01:04:34Z,success,200,https://europepmc.org/api/getPdf?pmcid=PMC11540658,application/pdf,3730477,d1ef4add3cb9c68b0f6828d7e1bd23beaadd32032f1c563e51d64c000350a0f0,data/raw/fulltext/doi_10.3389_fpls.2024.1439086/d1ef4add3cb9c68b/source.pdf,repository_record,publishedVersion,free_to_read_unknown_reuse,
FTATT_0037c0fef6378c2773ef,FTA_20260803T005806Z,doi:10.3389/fpls.2022.1031748,FTC_a4b2d0f738c8c87c3b28,pmc_oai,jats_xml,https://pmc.ncbi.nlm.nih.gov/api/oai/v1/mh/?verb=GetRecord&identifier=oai:pubmedcentral.nih.gov:9585275&metadataPrefix=pmc,2026-08-03T01:04:41Z,2026-08-03T01:04:43Z,failed,,,,,,,pmc-oai-reuse-eligible-record,publishedVersion,free_to_read_unknown_reuse,HTTPError: 403 Client Error: Forbidden for url: https://pmc.ncbi.nlm.nih.gov/api/oai/v1/mh/?verb=GetRecord&identifier=oai:pubmedcentral.nih.gov:9585275&metadataPrefix=pmc
FTATT_6e56a5eba8b7b1c4de04,FTA_20260803T005806Z,doi:10.3389/fpls.2022.1031748,FTC_bcb093802ddcc55f7e23,europe_pmc,jats_xml,https://www.ebi.ac.uk/europepmc/webservices/rest/PMC9585275/fullTextXML,2026-08-03T01:04:43Z,2026-08-03T01:04:44Z,success,200,https://www.ebi.ac.uk/europepmc/webservices/rest/PMC9585275/fullTextXML,application/xml,156652,f3fa376f6977d77569c6ef11075568b91831e241522459dbc6ccb89178ff5f6d,data/raw/fulltext/doi_10.3389_fpls.2022.1031748/f3fa376f6977d775/source.xml,repository_record,publishedVersion,free_to_read_unknown_reuse,
FTATT_4112320a63feacfd9289,FTA_20260803T005806Z,doi:10.3389/fpls.2022.1031748,FTC_8ec85f99d7241aba6f3b,europe_pmc,pdf,https://europepmc.org/articles/PMC9585275?pdf=render,2026-08-03T01:04:44Z,2026-08-03T01:05:01Z,success,200,https://europepmc.org/api/getPdf?pmcid=PMC9585275,application/pdf,5375549,1bfe5921b6480ab332f15efa7d2830bb1aaf56295d041de389d4eff17fb63f7a,data/raw/fulltext/doi_10.3389_fpls.2022.1031748/1bfe5921b6480ab3/source.pdf,repository_record,publishedVersion,free_to_read_unknown_reuse,
FTATT_935fbe8feb5a513fe7c5,FTA_20260803T005806Z,doi:10.3390/agriculture13071321,FTC_f09dff0929c3f9caeefc,direct,pdf,https://www.mdpi.com/2077-0472/13/7/1321/pdf?version=1687948002,2026-08-03T01:05:08Z,2026-08-03T01:05:10Z,failed,,,,,,,,,free_to_read_unknown_reuse,HTTPError: 403 Client Error: Forbidden for url: https://www.mdpi.com/2077-0472/13/7/1321/pdf?version=1687948002
FTATT_e3355d62874cb4d74d7f,FTA_20260803T005806Z,doi:10.3390/agriculture13071321,FTC_d532c26796d7b5943451,crossref,pdf,https://www.mdpi.com/2077-0472/13/7/1321/pdf,2026-08-03T01:05:10Z,2026-08-03T01:05:13Z,failed,,,,,,,,vor,free_to_read_unknown_reuse,HTTPError: 403 Client Error: Forbidden for url: https://www.mdpi.com/2077-0472/13/7/1321/pdf
